iter	Accuracy	MultiClass	F1:class=0	F1:class=1	F1:class=2	F1:class=3	F1:class=4	F1:class=5	F1:class=6	F1:class=7	F1:class=8
0	0.4576223066	1.571320737	0	0.44129783	0.1702237683	0	0	0	0	0.6297473215	0
1	0.4838709677	1.459704521	0	0.4441572414	0.1702237683	0	0	0	0	0.6598322061	0
2	0.4858067097	1.401182919	0	0.441148867	0.2223993451	0	0	0	0	0.6599515655	0
3	0.485006603	1.369793014	0	0.439568115	0.1931053179	0	0	0	0	0.6588214498	0
4	0.4871660307	1.354644621	0	0.4409890688	0.2094999671	0	0	0	0	0.6610415594	0
5	0.4880521704	1.342107177	0	0.4404775633	0.2211671271	0	0	0	0	0.6561298344	0
6	0.4900309289	1.335740552	0	0.4375876368	0.2191529751	0	0	0	0	0.6639873726	0
7	0.4905041102	1.331938235	0	0.4361049422	0.2398134407	0	0	0	0	0.6636467727	0
8	0.4913859482	1.329141317	0	0.4385759028	0.2486985972	0	0	0	0	0.664282619	0
9	0.4925172819	1.327825001	0	0.4359614536	0.2480876836	0	0	0	0	0.6655593299	0
10	0.4923925341	1.32631741	0	0.4360691884	0.2489275775	0	0	0	0	0.665361073	0
11	0.4927409676	1.325378319	0	0.4372594902	0.2518089122	0	0	0	0	0.6623845878	0
12	0.4928786204	1.32446894	0	0.4371168985	0.2566661146	0.00284559786	0	0	0	0.6621947195	0
13	0.4931324177	1.322706765	0	0.4372275501	0.2490161002	0.002845921794	0	0	0	0.6627096838	0
14	0.4938981111	1.321479623	0	0.4361720423	0.25485898	0.002845759818	0	0	0	0.6637336817	0
15	0.4942164332	1.320197616	0	0.4374874387	0.2504420308	0.002732240437	0	0	0	0.665203454	0
16	0.4953434652	1.318950344	0	0.4389663327	0.2549954017	0.00284559786	0	0	0	0.6654917979	0
17	0.4959542993	1.317629592	0	0.4402688477	0.2662784976	0.00284559786	0	0	0	0.666949823	0
18	0.4959586009	1.317183928	0	0.440434329	0.266655737	0.00284559786	0	0	0	0.6659448786	0
19	0.4968791538	1.315297367	0	0.4406978902	0.2744225557	0.002731929425	0	0	0	0.6669771116	0
20	0.4969178686	1.314340916	0	0.4409156623	0.2734727762	0.00307289592	0	0	0	0.6670657986	0
21	0.4970942362	1.313805026	0	0.4408829755	0.2731564976	0.00307289592	0	0	0	0.6670734137	0
22	0.4978126116	1.313073928	0	0.4418639088	0.2744994944	0.003072721065	0	0	0	0.6672077384	0
23	0.4976921654	1.312564995	0	0.4420141438	0.2746777648	0.00307289592	0	0	0	0.6679396776	0
24	0.4977179753	1.31155289	0	0.4421781947	0.274060736	0.00307289592	0	0	0	0.6670422909	0
25	0.4977868017	1.310956458	0	0.4420075192	0.2729426055	0.00307289592	0	0	0	0.6669615251	0
26	0.4979803759	1.310518441	0	0.4427915117	0.2727805983	0.003073070794	0	0	0	0.6670663932	0
27	0.4982685863	1.310052685	0	0.4417482205	0.2747872491	0.00307289592	0	0	0	0.667288316	0
28	0.4984019375	1.309122389	0	0.4418383767	0.2777106979	0.003072721065	0	0	0	0.6672337614	0
29	0.4986170199	1.308422023	0	0.4421554707	0.280561845	0.004887752202	0	0	0	0.667234493	0
30	0.4985395902	1.308264563	0	0.4422203572	0.2807151008	0.004887752202	0	0	0	0.6671105744	0
31	0.4990772963	1.307440037	0	0.4430884106	0.2790922649	0.005114217525	0	0	0	0.6674816929	0
32	0.4991418211	1.307111395	0	0.4431046886	0.281265012	0.005000852418	0	0	0	0.6680641286	0
33	0.4995633826	1.306370159	0	0.4427297937	0.2808370486	0.005114217525	0	0	0	0.6686795075	0
34	0.4998128783	1.306069008	0	0.4429877306	0.2809745151	0.005114217525	0	0	0	0.6687815477	0
35	0.4998171799	1.305808252	0	0.4432535765	0.2811592461	0.005114217525	0	0	0	0.6690225352	0
36	0.4998946096	1.305243399	0	0.4436113224	0.2800505608	0.004547780115	0	0	0	0.6689623811	0
37	0.4999118162	1.305116665	0	0.4436689305	0.2802069961	0.004547780115	0	0	0	0.6689709348	0
38	0.4999763409	1.304814125	0	0.4436590404	0.2824554044	0.004547521601	0	0	0	0.6687891505	0
39	0.5001871217	1.304216659	0	0.4439968723	0.2868121856	0.004774626272	0	0	0	0.6681093403	0
40	0.5002731547	1.3040277	0	0.4444881456	0.287574714	0.004774626272	0	0	0	0.6683996589	0
41	0.5005441586	1.303544159	0	0.4448397736	0.2878769865	0.004774626272	0	0	0	0.6684978882	0
42	0.5008581789	1.303212131	0	0.444844332	0.2898819628	0.004774083546	0	0	0	0.6691972352	0
43	0.5008538773	1.303140233	0	0.44500106	0.2903047747	0.004774083546	0	0	0	0.6692100036	0
44	0.5008237657	1.303037575	0	0.4451031595	0.2903550098	0.004774083546	0	0	0	0.6692477509	0
45	0.5010603564	1.302683905	0	0.4452709966	0.2912996354	0.004887474426	0	0	0	0.6693548722	0
46	0.5012711372	1.302462175	0	0.4452705039	0.2932112111	0.007934258997	0	0	0	0.6692994392	0
47	0.501322757	1.302092789	0	0.4452631165	0.2934885184	0.008156329652	0	0	0	0.6691396196	0
48	0.5015034263	1.301868522	0	0.4451632292	0.2935196452	0.008269143634	0	0	0	0.6691235167	0
49	0.5013700751	1.301676561	0	0.4453580965	0.2940103196	0.008268675313	0	0	0	0.6691676339	0
50	0.5016281741	1.301545892	0	0.4457445634	0.2954883684	0.008156329652	0	0	0	0.6691754876	0
51	0.5015765543	1.301296448	0	0.4456926475	0.2948655161	0.008156329652	0	0	0	0.669141439	0
52	0.5015636493	1.301226731	0	0.4456832859	0.295571898	0.008382419574	0	0	0	0.6691401424	0
53	0.5014690131	1.300991824	0	0.4457667273	0.2957878681	0.00815771584	0	0	0	0.6691038558	0
54	0.5016152691	1.300721081	0	0.4459156972	0.2953062224	0.008381470155	0	0	0	0.6690705925	0
55	0.5016711906	1.300626107	0	0.4461391651	0.2956041373	0.008380520951	0	0	0	0.6689678606	0
56	0.5018819714	1.300430382	0	0.4462105487	0.2980479165	0.008269143634	0	0	0	0.6692438829	0
57	0.5022088967	1.299741037	0	0.4465831166	0.2981460904	0.00736418739	0	0	0	0.6697370659	0
58	0.5021787851	1.299562026	0	0.4463682566	0.3000484637	0.007251713784	0	0	0	0.669688931	0
59	0.5021142604	1.299393139	0	0.446315191	0.2985950526	0.007252124646	0	0	0	0.6696281917	0
60	0.5020712439	1.299277039	0	0.4462057575	0.2992254382	0.007251302969	0	0	0	0.6694785562	0
61	0.5021658802	1.299040453	0	0.4463469148	0.3002653959	0.00736418739	0	0	0	0.6695913472	0
62	0.5022175	1.299012539	0	0.4464522651	0.3002111707	0.00736418739	0	0	0	0.6696382992	0
63	0.5022304049	1.298968996	0	0.4465787832	0.2999864365	0.007477482581	0	0	0	0.669615956	0
64	0.5021787851	1.298879918	0	0.4466968211	0.2998217883	0.007477906186	0	0	0	0.6695782857	0
65	0.5021615785	1.298805121	0	0.4465913579	0.3003288837	0.007477482581	0	0	0	0.6695115775	0
66	0.5022562148	1.298658618	0	0.4465710989	0.300902398	0.007477906186	0	0	0	0.6696279568	0
67	0.5023895659	1.298472237	0	0.4462423902	0.3010440835	0.008040770102	0	0	0	0.6697520881	0
68	0.502376661	1.298190706	0	0.4463182541	0.3018816893	0.007928866738	0	0	0	0.6696681619	0
69	0.50260895	1.297911979	0	0.4462490394	0.3012073877	0.007930214116	0	0	0	0.6698541994	0
70	0.5028627473	1.297684695	0	0.4466511089	0.3011156737	0.007591207795	0	0	0	0.6699949083	0
71	0.5029186687	1.29759697	0	0.4467703539	0.301657373	0.007478753541	0	0	0	0.6699929196	0
72	0.5030692264	1.297364345	0	0.4469669927	0.2996825149	0.007478753541	0	0	0	0.6701712735	0
73	0.5030907347	1.297301982	0	0.4470541591	0.2997779423	0.007478753541	0	0	0	0.6701857008	0
74	0.5032240858	1.297106156	0	0.4471790808	0.3005279913	0.007590777771	0	0	0	0.6705734236	0
75	0.5032025775	1.297050415	0	0.4471774865	0.3005629975	0.00747917729	0	0	0	0.6704310712	0
76	0.5031896726	1.296987279	0	0.4469004065	0.3018736316	0.007592498159	0	0	0	0.670270136	0
77	0.5032843089	1.296945691	0	0.4470874056	0.302300364	0.007592498159	0	0	0	0.670314796	0
78	0.5032929122	1.296855347	0	0.4471981647	0.3022062099	0.007817368153	0	0	0	0.6702789966	0
79	0.5033144204	1.296828674	0	0.4471935271	0.3019511344	0.007817368153	0	0	0	0.6703252133	0
80	0.5033144204	1.296738374	0	0.4471232877	0.3025105979	0.007816925343	0	0	0	0.670306427	0
81	0.5034262633	1.29652429	0	0.447373642	0.3015848413	0.008490886449	0	0	0	0.6705804422	0
82	0.5033703419	1.296496327	0	0.4473479496	0.3016404873	0.008265866501	0	0	0	0.6704780199	0
83	0.503331627	1.296270394	0	0.447802697	0.3008852994	0.008265398551	0	0	0	0.670704188	0
84	0.5033273254	1.296211041	0	0.4478460736	0.3008265746	0.008265398551	0	0	0	0.6707492646	0
85	0.5032671023	1.296059135	0	0.447762609	0.3014892422	0.008265398551	0	0	0	0.67065913	0
86	0.5032972138	1.296007828	0	0.4477092932	0.3016924209	0.008265866501	0	0	0	0.6706667829	0
87	0.5035122963	1.295676755	0	0.4478352993	0.302725302	0.008152635453	0	0	0	0.6707908057	0
88	0.503490788	1.295586821	0	0.4478062822	0.3024507337	0.008264930654	0	0	0	0.670781893	0
89	0.5036413457	1.295326405	0	0.4477926607	0.3040996568	0.008152173913	0	0	0	0.6707749472	0
90	0.5037445853	1.295176736	0	0.4480954872	0.3049796924	0.008039404405	0	0	0	0.6707765834	0
91	0.5037273787	1.295148192	0	0.4481018075	0.3047963662	0.007926622127	0	0	0	0.6708158032	0
92	0.503822015	1.295068335	0	0.4480713107	0.3057209821	0.007927968741	0	0	0	0.6708599215	0
93	0.5038263166	1.294995764	0	0.448160429	0.3054866916	0.007927519819	0	0	0	0.6708147706	0
94	0.5038650315	1.294926193	0	0.448239755	0.3056142643	0.007927519819	0	0	0	0.6708370841	0
95	0.5037962051	1.29476372	0	0.4481597401	0.3068787124	0.007927070947	0	0	0	0.6708254595	0
96	0.5038392216	1.294724997	0	0.4481065084	0.3056756809	0.007927519819	0	0	0	0.6707948819	0
97	0.5038650315	1.294614285	0	0.448087345	0.3060860219	0.007927519819	0	0	0	0.670870689	0
98	0.5040198908	1.294545423	0	0.4483351968	0.3059456344	0.008377674629	0	0	0	0.6710567264	0
99	0.5040500024	1.294476768	0	0.4481929623	0.3059569562	0.008265398551	0	0	0	0.6710965109	0
100	0.5040457007	1.294473577	0	0.4482422107	0.3060373807	0.008265866501	0	0	0	0.6710747916	0
101	0.5039639694	1.294381906	0	0.448048496	0.3070163658	0.008152635453	0	0	0	0.6709015169	0
102	0.503968271	1.294319828	0	0.4481331755	0.3065976218	0.008265398551	0	0	0	0.6708665467	0
103	0.5039725727	1.29429253	0	0.4480593199	0.3067689358	0.008040314818	0	0	0	0.6709477763	0
104	0.5040801139	1.294181772	0	0.4476394201	0.3066531059	0.008266334503	0	0	0	0.671128535	7.981164452e-05
105	0.5041575436	1.294123879	0	0.4475960811	0.3067442262	0.008491847826	0	0	0	0.67114005	7.981164452e-05
106	0.5041661469	1.294103069	0	0.44768779	0.3067534112	0.008604585338	0	0	0	0.6711378258	7.981164452e-05
107	0.5041833535	1.294040208	0	0.4477954173	0.3076069063	0.008604585338	0	0	0	0.6710812569	7.981164452e-05
108	0.5042177667	1.293982477	0	0.4478058722	0.3075951305	0.008490886449	0	0	0	0.6711643018	7.981164452e-05
109	0.5042779898	1.293873342	0	0.4477911487	0.3077924066	0.008378623188	0	0	0	0.6712272008	7.98084597e-05
110	0.5043339112	1.29379769	0	0.4477512122	0.3080869965	0.008378623188	0	0	0	0.6712910016	7.98084597e-05
111	0.5042349733	1.293746866	0	0.4477314885	0.3073296021	0.00905387053	0	0	0	0.6711659085	7.98084597e-05
112	0.50422637	1.293382192	0	0.4480639751	0.3087135342	0.009052333805	0	0	0	0.6710137714	7.98084597e-05
113	0.5044199442	1.293262921	0	0.4480909959	0.3081045902	0.009052333805	0	0	0	0.6713821354	7.98084597e-05
114	0.5043597211	1.293174687	0	0.4479921132	0.3081399801	0.008939179632	0	0	0	0.6713721132	0
115	0.5042650848	1.293114749	0	0.4478452459	0.3079780207	0.00905335823	0	0	0	0.6712271406	0
116	0.5042693865	1.29302297	0	0.4475792656	0.308591355	0.009502799932	0	0	0	0.6711318714	0
117	0.5040930189	1.29277541	0	0.4476617002	0.3092787442	0.00961484079	0	0	0	0.6708757316	0.0001595978135
118	0.5040715106	1.29269816	0	0.4475739118	0.3092093948	0.009502262443	0	0	0	0.6708841331	0.0001595978135
119	0.5041059238	1.292672753	0	0.4476971147	0.3093008143	0.009502262443	0	0	0	0.6708704797	0.0001595978135
120	0.5041747502	1.292599704	0	0.4476312501	0.3086523737	0.009501725016	0	0	0	0.6709527126	0.0001595978135
121	0.5041188287	1.292577878	0	0.4475856196	0.308411036	0.009389140271	0	0	0	0.6708969885	0.0001595978135
122	0.5040930189	1.292506464	0	0.4473049075	0.3087815986	0.009388078272	0	0	0	0.6708681384	0.0001595978135
123	0.5042091634	1.292391195	0	0.4476837633	0.3090582067	0.009500650342	0	0	0	0.670961804	0.0001595978135
124	0.5043339112	1.292247032	0	0.4477730795	0.3096643552	0.01006275086	0	0	0	0.6710334849	0.0001595978135
125	0.5043167046	1.29222366	0	0.4477431274	0.3096352624	0.01006275086	0	0	0	0.671005613	0.0001595978135
126	0.5043296095	1.292155129	0	0.4477999443	0.3094847015	0.01006275086	0	0	0	0.6710555772	0.0001595978135
127	0.5042048617	1.292099014	0	0.447614269	0.3093027698	0.01006275086	0	0	0	0.6709282128	0.0002393871688
128	0.5042392749	1.292070293	0	0.4475790715	0.3092972601	0.01006275086	0	0	0	0.6709886548	0.0002393871688
129	0.5042349733	1.292055593	0	0.4475352898	0.3092972601	0.01006275086	0	0	0	0.6709745341	0.0003989467805
130	0.5042091634	1.292023845	0	0.4476675689	0.3091065456	0.01006275086	0	0	0	0.6709592892	0.0003989467805
131	0.5041790518	1.291940746	0	0.4476770572	0.3092287422	0.01006331976	0	0	0	0.6709126342	0.0003989308653
132	0.504299498	1.291890828	0	0.4478672231	0.3091495904	0.01017581548	0	0	0	0.6710142825	0.0004786979416
133	0.50422637	1.291780127	0	0.4476803898	0.3102646229	0.01028713543	0	0	0	0.6708949497	0.0004787170383
134	0.504299498	1.291712729	0	0.4477821247	0.3103586341	0.01028713543	0	0	0	0.6708655018	0.0004787170383
135	0.5042306716	1.291686227	0	0.4477683303	0.310085796	0.01028713543	0	0	0	0.6707933928	0.0003989467805
136	0.5042177667	1.291656878	0	0.4477847471	0.3099950425	0.010286554	0	0	0	0.6707598678	0.0003989467805
137	0.5043425145	1.291623409	0	0.4478905323	0.310302753	0.01039783002	0	0	0	0.6709632468	0.0003989467805
138	0.5043382128	1.291592796	0	0.4479399795	0.3102415956	0.01039841763	0	0	0	0.6709272331	0.0004786979416
139	0.5042693865	1.291449233	0	0.4473635907	0.3098962307	0.01039900531	0	0	0	0.6709085712	0.0003989308653
140	0.5042951963	1.29139518	0	0.4474957291	0.3097817793	0.01039959306	0	0	0	0.6708775301	0.0003989308653
141	0.5043081013	1.291380979	0	0.447515709	0.3098580803	0.01039959306	0	0	0	0.6708578718	0.0003989308653
142	0.5043554194	1.291343945	0	0.4475547926	0.3099402934	0.0106238698	0	0	0	0.6708992868	0.0003989308653
143	0.5043210062	1.291323933	0	0.4475046874	0.309987599	0.0106238698	0	0	0	0.6709200583	0.0003989308653
144	0.5043898326	1.291302815	0	0.4478055088	0.309981685	0.01051144391	0	0	0	0.6708640543	0.0003989308653
145	0.5043941343	1.291199519	0	0.4476120547	0.310197544	0.01073567635	0	0	0	0.6709613273	0.0003989467805
146	0.504299498	1.29114567	0	0.4475171144	0.3102283785	0.01062326948	0	0	0	0.6709501977	0.0003989467805
147	0.5043425145	1.291091773	0	0.4475937831	0.3101948968	0.01062266923	0	0	0	0.6710842774	0.0004786979416
148	0.504372626	1.291074745	0	0.4476537172	0.3101948968	0.01051025598	0	0	0	0.6711259108	0.0004786979416
149	0.5043984359	1.291053272	0	0.4477961378	0.3105137737	0.01051025598	0	0	0	0.6710909438	0.0004786979416
150	0.5045016755	1.290991738	0	0.4481444652	0.3104677995	0.01051144391	0	0	0	0.6712036019	0.0004787170383
151	0.5047296629	1.290851881	0	0.4482322529	0.3124394368	0.01051084991	0	0	0	0.6714845226	0.0003989467805
152	0.504690948	1.290838074	0	0.4482138881	0.3125593768	0.01051084991	0	0	0	0.6714129654	0.0003989467805
153	0.5047382662	1.290790741	0	0.4481315253	0.3125748275	0.01129177958	0	0	0	0.6714280969	0.0005584809319
154	0.504776981	1.290737862	0	0.448313436	0.3125332523	0.01129177958	0	0	0	0.671487672	0.0005584809319
155	0.5048199975	1.290700443	0	0.4484061637	0.3125854993	0.01129177958	0	0	0	0.6714927692	0.0005584809319
156	0.5048415057	1.290679188	0	0.448436344	0.3126033176	0.01129177958	0	0	0	0.6715064727	0.0005584809319
157	0.5049103321	1.290624495	0	0.4484815704	0.3123467817	0.01129177958	0	0	0	0.6716784901	0.0006382130036
158	0.5048242992	1.29049	0	0.4484609451	0.3120793886	0.01140340973	0	0	0	0.6715847539	0.0006382130036
159	0.5047855843	1.290431597	0	0.448534088	0.3118181473	0.01140340973	0	0	0	0.6715745742	0.0006382384618
160	0.5047984893	1.290359445	0	0.4484146555	0.3118285703	0.01140276602	0	0	0	0.6715587339	0.0006382384618
161	0.5048845222	1.290313908	0	0.4485235054	0.3118236625	0.01140212238	0	0	0	0.6716752635	0.0006382384618
162	0.5050522865	1.290124786	0	0.4483949517	0.313883987	0.01140340973	0	0	0	0.6717343535	0.0004787170383
163	0.5050823981	1.290078139	0	0.4484785808	0.3135736386	0.01140405352	0	0	0	0.6718233972	0.0004787170383
164	0.5050694931	1.289966158	0	0.4484481935	0.3129039617	0.01129433025	0	0	0	0.6717957235	0.0004787170383
165	0.5050049684	1.289904249	0	0.4483614381	0.3127459367	0.01129496809	0	0	0	0.6718053075	0.0004787170383
166	0.5051254146	1.289845433	0	0.4487272207	0.3123168829	0.0114066294	0	0	0	0.6719728818	0.0004787170383
167	0.5051727327	1.28981979	0	0.4487713387	0.3127506319	0.01140727355	0	0	0	0.6720267255	0.0004787170383
168	0.5051770344	1.289806817	0	0.4487729671	0.3127744094	0.01118264995	0	0	0	0.6720405535	0.0004786979416
169	0.5051340179	1.289788217	0	0.4487337397	0.3126900852	0.01129496809	0	0	0	0.6719936176	0.0004786979416
170	0.5050522865	1.289700926	0	0.4484887051	0.3125927053	0.01129496809	0	0	0	0.6718381449	0.0004786979416
171	0.5051168113	1.289590917	0	0.4486810513	0.3127805249	0.01151891587	0	0	0	0.6718698728	0.0003989149513
172	0.5051340179	1.289543403	0	0.4487449612	0.3127673733	0.01151826548	0	0	0	0.6718866177	0.0003989308653
173	0.5050866997	1.28951374	0	0.4486395829	0.3123573277	0.01140598532	0	0	0	0.671931078	0.0004786979416
174	0.5050436832	1.289454744	0	0.4486022907	0.3122836383	0.01140598532	0	0	0	0.6719036245	0.0003989308653
175	0.5050393816	1.28939754	0	0.4485401692	0.3123858795	0.01129369247	0	0	0	0.6718722095	0.0003989308653
176	0.5050307783	1.289329013	0	0.4486337842	0.3124108688	0.01129305477	0	0	0	0.6718709752	0.0004786979416
177	0.5050178734	1.289280429	0	0.4486734313	0.312391887	0.01129369247	0	0	0	0.6718719484	0.0005584586541
178	0.5050264766	1.289258	0	0.4486553053	0.3119828029	0.01118138694	0	0	0	0.6719433607	0.0005584809319
179	0.5050350799	1.289171781	0	0.44882553	0.3117387333	0.01151956632	0	0	0	0.6718537751	0.0004787170383
180	0.5050264766	1.289158745	0	0.4488541129	0.3117743348	0.01151956632	0	0	0	0.6718517595	0.0003989308653
181	0.5052028443	1.288918299	0	0.4490252908	0.31214996	0.01118201841	0	0	0	0.6720208072	0.0003989308653
182	0.5053017822	1.288849128	0	0.4492470454	0.3120545753	0.01118201841	0	0	0	0.672064071	0.0003989308653
183	0.5052931789	1.288830892	0	0.4492172297	0.312034302	0.01118075555	0	0	0	0.6720639365	0.0003989308653
184	0.505254464	1.288789213	0	0.4490049059	0.3117229807	0.01118075555	0	0	0	0.6719994022	0.0003989308653
185	0.5052759723	1.288739161	0	0.4491158886	0.3116561141	0.01118012422	0	0	0	0.6719994687	0.0003989149513
186	0.505181336	1.288684264	0	0.448737637	0.311896555	0.01129241714	0	0	0	0.6719740332	0.0003989308653
187	0.5052759723	1.288640613	0	0.4489695234	0.3117763559	0.01117949297	0	0	0	0.6720652142	0.0003989308653
188	0.5052372574	1.288597733	0	0.4486039297	0.311891284	0.01129241714	0	0	0	0.6721176754	0.0003989308653
189	0.5052200508	1.288583884	0	0.4485649739	0.3119734685	0.01129241714	0	0	0	0.6720872608	0.0003989308653
190	0.5052501624	1.288437978	0	0.4485554468	0.3120402485	0.01129177958	0	0	0	0.6721199218	0.0003989308653
191	0.5052200508	1.288420389	0	0.4485713604	0.3119437404	0.01129177958	0	0	0	0.6720728423	0.0003989149513
192	0.5053103855	1.288407053	0	0.4487502885	0.3119797322	0.0112911421	0	0	0	0.6721783666	0.0003989149513
193	0.5052587657	1.288335033	0	0.4485359114	0.3127329429	0.0112911421	0	0	0	0.6720731115	0.0003989149513
194	0.5052329558	1.288292206	0	0.4486140521	0.3126319594	0.01129050469	0	0	0	0.6720239751	0.0003989308653
195	0.5051254146	1.288264168	0	0.4484973928	0.3120624049	0.01117886179	0	0	0	0.6719848589	0.0003989149513
196	0.5051985426	1.288213116	0	0.448649165	0.3121517013	0.01117886179	0	0	0	0.6720629623	0.0003989149513
197	0.5051469228	1.288188097	0	0.4485076291	0.3119646732	0.01106594399	0	0	0	0.671977892	0.0003989149513
198	0.5052114475	1.288135414	0	0.4484878406	0.3120278576	0.01106594399	0	0	0	0.6721333925	0.0003988990387
199	0.5051899393	1.288085788	0	0.448394267	0.3121635758	0.01095364463	0	0	0	0.6720881601	0.0003989149513
200	0.505194241	1.288039252	0	0.4483981228	0.3122385335	0.01095426313	0	0	0	0.672085439	0.0003989149513
201	0.5051641294	1.287929053	0	0.4483030656	0.3119698756	0.01117886179	0	0	0	0.6720987736	0.0003989149513
202	0.505194241	1.287888064	0	0.448353365	0.3121791703	0.01117759964	0	0	0	0.6720931294	0.0003989149513
203	0.505267369	1.287854001	0	0.4485599987	0.3123633529	0.01117823068	0	0	0	0.672107342	0.0003191446922
204	0.5053232904	1.287827538	0	0.4485587848	0.3123311646	0.01129050469	0	0	0	0.6721022532	0.0003191446922
205	0.5052974805	1.287794488	0	0.4485077663	0.3123027191	0.01129050469	0	0	0	0.6720598419	0.0003191446922
206	0.5052286541	1.287729779	0	0.4485344566	0.3120982771	0.01117886179	0	0	0	0.6719546225	0.0003191319611
207	0.5052587657	1.287700667	0	0.4485784486	0.3121042122	0.01117949297	0	0	0	0.6719934983	0.0003191319611
208	0.5052802739	1.287654851	0	0.4484901671	0.3119454705	0.01117949297	0	0	0	0.6720112086	0.0003191319611
209	0.5053706086	1.28754626	0	0.4484847517	0.3132800182	0.01129050469	0	0	0	0.6720293899	0.0003191319611
210	0.505340497	1.287519208	0	0.4485484759	0.3131006191	0.01140276602	0	0	0	0.6720420073	0.0003191319611
211	0.505353402	1.28742759	0	0.4486279515	0.312696029	0.01140340973	0	0	0	0.6720494319	0.0003191319611
212	0.5053792119	1.287396722	0	0.4486048404	0.3128207077	0.01129050469	0	0	0	0.6721105476	0.0003191319611
213	0.5053706086	1.287376118	0	0.4485887418	0.3128183684	0.01129050469	0	0	0	0.67215046	0.0003191192309
214	0.5053878151	1.287324311	0	0.4487011952	0.3131462895	0.01129050469	0	0	0	0.6721217603	0.0003191192309
215	0.5053361954	1.287284614	0	0.4486807724	0.313507145	0.01128986734	0	0	0	0.672003785	0.0003191319611
216	0.505353402	1.287274669	0	0.4487054887	0.3135511088	0.0112911421	0	0	0	0.6720065074	0.0003191446922
217	0.5053189888	1.28725785	0	0.4486241894	0.3131604957	0.0112911421	0	0	0	0.6720476738	0.0003191446922
218	0.5052931789	1.287221867	0	0.4485116012	0.3134059003	0.0112911421	0	0	0	0.6720256968	0.0003191446922
219	0.5053103855	1.287212728	0	0.4485506207	0.3133976746	0.01151566469	0	0	0	0.6720256301	0.0003191192309
220	0.5053232904	1.28718658	0	0.4486020032	0.3134237623	0.01151566469	0	0	0	0.672020119	0.0003191192309
221	0.5053620053	1.287159576	0	0.448597386	0.3136196972	0.01140405352	0	0	0	0.6720389727	0.0003191065018
222	0.5052974805	1.287109494	0	0.4485163429	0.3137083602	0.01129177958	0	0	0	0.6719560472	0.0003191065018
223	0.505353402	1.287076949	0	0.4484497884	0.3140329562	0.01129050469	0	0	0	0.6720956294	0.0003191065018
224	0.5053361954	1.286979444	0	0.448589047	0.3139673923	0.01129050469	0	0	0	0.6720437696	0.0003190810466
225	0.505267369	1.286959583	0	0.4483997674	0.3138989615	0.01128986734	0	0	0	0.6720073718	0.0002393203303
226	0.5053232904	1.28679819	0	0.4484469972	0.3136420621	0.01140469738	0	0	0	0.6721067202	0.0002393203303
227	0.5053447987	1.286768983	0	0.4483964782	0.3138371585	0.01151696494	0	0	0	0.6721483628	0.0002393203303
228	0.5053232904	1.286755618	0	0.4483876879	0.3138393789	0.01140469738	0	0	0	0.6721235265	0.0002393203303
229	0.5055899926	1.286704213	0	0.4487383714	0.3142585912	0.01129050469	0	0	0	0.6724011242	0.0002393298763
230	0.5056028976	1.286671231	0	0.4488668036	0.3140047087	0.01129050469	0	0	0	0.6724320464	0.0002393298763
231	0.5054824514	1.286610227	0	0.4487005848	0.3140530382	0.01129050469	0	0	0	0.6722400252	0.0002393298763
232	0.5054910547	1.286584788	0	0.4487305115	0.3141088921	0.0112911421	0	0	0	0.6722262118	0.0002393298763
233	0.5055426745	1.286544258	0	0.4487600408	0.3141528239	0.01129177958	0	0	0	0.6722640946	0.0002393298763
234	0.5056416124	1.286513151	0	0.4488828977	0.3139808627	0.01129305477	0	0	0	0.6723082284	0.0002393298763
235	0.5056846289	1.2864933	0	0.4488529402	0.3143008997	0.01140469738	0	0	0	0.6723443444	0.0002393298763
236	0.5056028976	1.286420534	0	0.4486389891	0.314571797	0.01184900976	0	0	0	0.6722984047	0.0002393203303
237	0.5055985959	1.286415469	0	0.4486513654	0.3145598665	0.01184900976	0	0	0	0.6722901764	0.0002393203303
238	0.5056502157	1.286405028	0	0.4487256192	0.314607594	0.01184967837	0	0	0	0.6723315976	0.0002393203303
239	0.505671724	1.2863639	0	0.4488372464	0.3148436019	0.01184900976	0	0	0	0.6722563569	0.0002393203303
240	0.5056028976	1.286278727	0	0.4485836677	0.3149116822	0.01162856336	0	0	0	0.6723047556	0.0002393203303
241	0.505671724	1.286235467	0	0.4485958934	0.3150934101	0.01162856336	0	0	0	0.6723647906	0.0002393298763
242	0.5059212196	1.286124427	0	0.4487951326	0.3169269065	0.01162921983	0	0	0	0.6726430959	0.0002393298763
243	0.5059083147	1.286062223	0	0.44876421	0.3169101824	0.01162987636	0	0	0	0.672578643	0.0002393203303
244	0.505916918	1.286049884	0	0.4487573549	0.3169797074	0.01162987636	0	0	0	0.6725784957	0.0002393203303
245	0.5058868064	1.28603288	0	0.4487321806	0.3171638271	0.01162856336	0	0	0	0.672500685	0.0002393107849
246	0.5058394883	1.285984919	0	0.4487524452	0.3167943252	0.01162921983	0	0	0	0.6725125803	0.0002393107849
247	0.5058050751	1.285966381	0	0.4487029008	0.316718862	0.01151826548	0	0	0	0.6724847317	0.0002393107849
248	0.5058739015	1.285910655	0	0.448911196	0.3169668962	0.01151826548	0	0	0	0.6725422602	0.0002393107849
249	0.5059126163	1.285881653	0	0.4489522427	0.3169332931	0.01162987636	0	0	0	0.6726290122	0.0002393107849
250	0.5059470295	1.285839253	0	0.4489554907	0.3166556573	0.01185436071	0	0	0	0.6726689812	0.0002393203303
251	0.5059599344	1.285810815	0	0.4489841518	0.3166855417	0.01185436071	0	0	0	0.6726547901	0.0002393298763
252	0.5059814427	1.285797229	0	0.4490460345	0.3166339474	0.01185436071	0	0	0	0.6726741941	0.0002393298763
253	0.5059986493	1.28578757	0	0.4490264922	0.3166201012	0.01185502992	0	0	0	0.6727128519	0.0002393298763
254	0.5060545707	1.285752278	0	0.4490874121	0.3169019401	0.01174278778	0	0	0	0.672743279	0.0002393203303
255	0.5060029509	1.285733502	0	0.4488968358	0.3170110388	0.01174278778	0	0	0	0.6727040202	0.0002393203303
256	0.5060029509	1.285716761	0	0.4489115169	0.3171638271	0.01174278778	0	0	0	0.672699561	0.0003190810466
257	0.5059384262	1.285702426	0	0.4488352978	0.3168541022	0.01174278778	0	0	0	0.6726744935	0.0003190810466
258	0.5059126163	1.285662321	0	0.4488411442	0.317081448	0.01174345077	0	0	0	0.6726143009	0.0003988354006
259	0.5060158559	1.285634326	0	0.4489633047	0.3171099792	0.01174278778	0	0	0	0.6727161729	0.0003190683205
260	0.5059814427	1.285572205	0	0.4491682807	0.3166440115	0.01174278778	0	0	0	0.6727330142	0.0003190683205
261	0.5060158559	1.285530509	0	0.4491897622	0.316621994	0.01174278778	0	0	0	0.6727968521	0.0003988194943
262	0.5059728394	1.285489661	0	0.4491682807	0.3164014572	0.01185502992	0	0	0	0.6727664826	0.0003988513082
263	0.5059685377	1.285411652	0	0.4491599085	0.3172273268	0.01185502992	0	0	0	0.6725661511	0.0003191065018
264	0.5059986493	1.285392111	0	0.4492357252	0.3171955775	0.01185636856	0	0	0	0.6725885056	0.0003988672171
265	0.5060029509	1.285388695	0	0.4492445082	0.3172015622	0.01185636856	0	0	0	0.6725913	0.0003988672171
266	0.5060502691	1.285320026	0	0.4491767674	0.317399257	0.011857038	0	0	0	0.6725544663	0.0003988513082
267	0.5059513311	1.285258895	0	0.448912427	0.3173100496	0.01163250325	0	0	0	0.6724727683	0.0003988831272
268	0.5060889839	1.285138643	0	0.4491593851	0.3176995986	0.01196253245	0	0	0	0.6725132607	0.0003988354006
269	0.5061190954	1.28509493	0	0.449105293	0.3172062294	0.01207470519	0	0	0	0.6724953858	0.0003988354006
270	0.5061104922	1.285082684	0	0.4491085498	0.3171804504	0.01207470519	0	0	0	0.6724872355	0.0003988354006
271	0.5061922235	1.285065159	0	0.4490975307	0.3169087235	0.0121882406	0	0	0	0.6725923469	0.0003190683205
272	0.5061578103	1.285040939	0	0.4491102292	0.317099424	0.0121875529	0	0	0	0.6725271809	0.0003190683205
273	0.5061018889	1.284997895	0.004535147392	0.4489995198	0.3167834413	0.01173947398	0	0	0	0.6725205841	0.0003190683205
274	0.5061793185	1.284976391	0.004535147392	0.4490782617	0.3169285391	0.01140340973	0	0	0	0.6726003433	0.0003190683205
275	0.5061836202	1.284826542	0.004535147392	0.4492557727	0.3169603233	0.01140405352	0	0	0	0.6726028534	0.0003190683205
276	0.5061233971	1.284782984	0.004535147392	0.4489593419	0.3170220401	0.0117374866	0	0	0	0.6725627757	0.0003190683205
277	0.5062567482	1.284726951	0.004535147392	0.4491904098	0.317035862	0.01184967837	0	0	0	0.6726131757	0.0003190683205
278	0.5062438433	1.284716822	0.004535147392	0.4491655722	0.3170496818	0.01162528217	0	0	0	0.6726131757	0.0003190683205
279	0.5062137317	1.284688557	0.004535147392	0.4492562274	0.317035862	0.0117374866	0	0	0	0.6725878011	0.0003190683205
280	0.5063771944	1.284641687	0.004535147392	0.4495280755	0.3170538244	0.01162462615	0	0	0	0.6728045619	0.0003190810466
281	0.5062954631	1.284600993	0.004535147392	0.4493554917	0.3168058652	0.01151241535	0	0	0	0.6727170961	0.0003190810466
282	0.5062739548	1.284504695	0.004535147392	0.4493896684	0.3166528082	0.01140083531	0	0	0	0.6727149841	0.0003190937737
283	0.5062137317	1.284208402	0.004535147392	0.4491768132	0.3162711544	0.01162331434	0	0	0	0.6727278758	0.0003988513082
284	0.5061793185	1.284158782	0.009049773756	0.4490988251	0.3160761912	0.0118463361	0	0	0	0.6726571146	0.0003988513082
285	0.5062309383	1.284135072	0.009049773756	0.4492193439	0.3162055336	0.0118463361	0	0	0	0.672688008	0.0003988672171
286	0.5063556861	1.28407125	0.009049773756	0.4493497139	0.3167129919	0.0118470044	0	0	0	0.6727486757	0.0003988672171
287	0.5063427812	1.284044766	0.009049773756	0.4493898292	0.3163649433	0.0118463361	0	0	0	0.6727623911	0.0003988831272
288	0.5063384795	1.284017798	0.009049773756	0.4491991451	0.3165380542	0.01184834123	0	0	0	0.6727864993	0.0003988831272
289	0.5063341779	1.283999575	0.009049773756	0.4491579689	0.3166316745	0.01184834123	0	0	0	0.6727810749	0.0003988831272
290	0.5062739548	1.283956779	0.009049773756	0.4491157878	0.3161639481	0.01195983301	0	0	0	0.6727731657	0.0005583918315
291	0.5062782565	1.28394448	0.009049773756	0.4491477955	0.3163728531	0.01195983301	0	0	0	0.6727516155	0.0005583918315
292	0.5062395416	1.283912141	0.009049773756	0.4490664789	0.3162572569	0.01195915835	0	0	0	0.6727571928	0.0005583695609
293	0.5063728927	1.283889501	0.009049773756	0.4492092457	0.3165100316	0.01229554428	0	0	0	0.6728564441	0.0005583918315
294	0.5063427812	1.283831787	0.009049773756	0.4492232831	0.3164245726	0.01218480284	0	0	0	0.6728009749	0.0005583695609
295	0.5063298762	1.283818409	0.009049773756	0.4491650865	0.3164126035	0.01207266163	0	0	0	0.6728488461	0.0005583695609
296	0.5063728927	1.283811785	0.009049773756	0.4492379085	0.3164305574	0.01207266163	0	0	0	0.6728875108	0.0005583695609
297	0.5064116076	1.283793696	0.009049773756	0.4493064333	0.3163709281	0.01218342828	0	0	0	0.6729377233	0.0007178178338
298	0.5065234504	1.283702222	0.009049773756	0.4494509625	0.3173745466	0.01207198059	0	0	0	0.6729954919	0.0006380602967
299	0.5064589257	1.283693402	0.009049773756	0.4493306768	0.316985126	0.01207334274	0	0	0	0.6729326114	0.0006380602967
300	0.5065707686	1.283667165	0.009049773756	0.4495995007	0.3163072266	0.01196185747	0	0	0	0.673077481	0.0006380602967
301	0.5065019422	1.283599011	0.009049773756	0.4494772125	0.3159528361	0.01196118258	0	0	0	0.6730860902	0.0006380602967
302	0.5065363554	1.283578863	0.009049773756	0.4494288548	0.3159647961	0.01196185747	0	0	0	0.673177445	0.0006380602967
303	0.5065750702	1.283543492	0.009049773756	0.4494750656	0.3164166682	0.01196118258	0	0	0	0.6731329611	0.0007177892092
304	0.5066352933	1.283512737	0.009049773756	0.4495221936	0.3168440353	0.01184900976	0	0	0	0.6731692354	0.0007177892092
305	0.5065492603	1.283467529	0.009049773756	0.4494115953	0.3165298945	0.01173616205	0	0	0	0.6731619141	0.0007177892092
306	0.5065277521	1.283435758	0.009049773756	0.4494078321	0.3165554653	0.01173549989	0	0	0	0.6731970306	0.0007177892092
307	0.5066094834	1.283400677	0.009049773756	0.4496461274	0.3168750708	0.01184767278	0	0	0	0.6732034277	0.0007177892092
308	0.5066137851	1.283380491	0.009049773756	0.4496974251	0.3171984142	0.01195983301	0	0	0	0.6731944519	0.0007177892092
309	0.5066352933	1.283345873	0.009049773756	0.4496938302	0.3172361714	0.01195983301	0	0	0	0.6732304373	0.0007177892092
310	0.5066180867	1.28332659	0.009049773756	0.4496834229	0.3171072508	0.01195983301	0	0	0	0.6732161452	0.0006380602967
311	0.5066309917	1.283296841	0.009049773756	0.4496514454	0.317127531	0.01196050776	0	0	0	0.6732267459	0.0006380602967
312	0.5066051818	1.283215906	0.004535147392	0.4495131194	0.3172426818	0.01195983301	0	0	0	0.6732240346	0.0007975117633
313	0.5066740081	1.28315741	0.004535147392	0.4497449265	0.317313129	0.01196050776	0	0	0	0.6733592015	0.0007975117633
314	0.5067170246	1.283133839	0.004535147392	0.4497828816	0.3173113172	0.01196118258	0	0	0	0.6733918153	0.0008772279596
315	0.5067342312	1.283114469	0.009049773756	0.4498400512	0.3173747503	0.01196185747	0	0	0	0.673377844	0.0007974799633
316	0.5066654048	1.283002849	0.009049773756	0.4497617601	0.3170506217	0.01173549989	0	0	0	0.6733361826	0.0008771580081
317	0.5066481983	1.282999106	0.009049773756	0.4497409492	0.3169374163	0.01173549989	0	0	0	0.6733275521	0.0008771580081
318	0.506639595	1.282978081	0.009049773756	0.4496243006	0.3173657212	0.01173616205	0	0	0	0.6733316733	0.0008771929825
319	0.5066008801	1.282962428	0.009049773756	0.449567539	0.3172962677	0.01173616205	0	0	0	0.6733094845	0.000797416371
320	0.5065836735	1.282922539	0.009049773756	0.4496634638	0.3169747265	0.01162397021	0	0	0	0.6732927194	0.0007974799633
321	0.50662669	1.282891359	0.009049773756	0.4496990335	0.3172424197	0.01173682429	0	0	0	0.6733123615	0.000717760587
322	0.5065836735	1.282876276	0.009049773756	0.4495775819	0.3171831092	0.01173616205	0	0	0	0.6733126097	0.000717731967
323	0.5065492603	1.28279565	0.009049773756	0.4496688795	0.31730171	0.01173549989	0	0	0	0.6732679844	0.0007177033493
324	0.5064976405	1.28272537	0.009049773756	0.4495468568	0.3175368846	0.01184099239	0	0	0	0.6731984357	0.0007176747339
325	0.5065019422	1.28271401	0.009049773756	0.4495576353	0.3175428679	0.01195308976	0	0	0	0.6731900514	0.0007176747339
326	0.5064933389	1.282669438	0.009049773756	0.4495784553	0.3174298097	0.01195578615	0	0	0	0.6731875003	0.0007176747339
327	0.5065019422	1.282647407	0.009049773756	0.4495640847	0.3175009891	0.01184366364	0	0	0	0.6732044325	0.0008770880676
328	0.5065707686	1.282596507	0.009049773756	0.4497628288	0.3175697309	0.01184366364	0	0	0	0.6733263829	0.0008771230364
329	0.50662669	1.282442993	0.009049773756	0.4497541193	0.3180833632	0.01161938068	0	0	0	0.6733744329	0.0008770181383
330	0.5065707686	1.282424739	0.009049773756	0.4496179732	0.3180885316	0.01173086684	0	0	0	0.6733469598	0.0008770531016
331	0.506540657	1.282392236	0.004535147392	0.4495568155	0.3181296237	0.01173086684	0	0	0	0.6733133932	0.0008770531016
332	0.5065492603	1.282380524	0.009049773756	0.4495656062	0.3181296237	0.01161872532	0	0	0	0.6733272958	0.0008770531016
333	0.506699818	1.282327595	0.009049773756	0.4497091537	0.3181244228	0.01172954379	0	0	0	0.6733788098	0.0008770531016
334	0.50662669	1.282300021	0.009049773756	0.4495740281	0.3182040939	0.01184166009	0	0	0	0.6733590285	0.0008770531016
335	0.5066611032	1.282275127	0.009049773756	0.4495812074	0.3182734898	0.01184166009	0	0	0	0.6734032744	0.0008770880676
336	0.5066654048	1.282218798	0.009049773756	0.4497150065	0.318131257	0.01173020528	0	0	0	0.6733786057	0.0008770880676
337	0.5067041197	1.282192011	0.009049773756	0.4497450344	0.3181295371	0.01184232786	0	0	0	0.6734517539	0.001036517302
338	0.5067256279	1.282101134	0.009049773756	0.4498256088	0.3181406922	0.01184032476	0	0	0	0.6734684552	0.001036475982
339	0.5067428345	1.282066684	0.01354401806	0.4499664847	0.3179786933	0.01184032476	0	0	0	0.673457603	0.001036434665
340	0.5067170246	1.282026832	0.01354401806	0.44990862	0.3177626492	0.01206449431	0	0	0	0.6734459052	0.001036475982
341	0.5067170246	1.281990594	0.009049773756	0.4498763462	0.3177781549	0.01206449431	0	0	0	0.6735278964	0.001036434665
342	0.5067600411	1.281897358	0.01354401806	0.4498966736	0.3179813817	0.01206585476	0	0	0	0.6735669054	0.001036475982
343	0.5067213263	1.281889741	0.01354401806	0.4498384201	0.3178605756	0.01206585476	0	0	0	0.6735361207	0.001036475982
344	0.5066697065	1.281854238	0.01354401806	0.4497865039	0.3177654642	0.01217724659	0	0	0	0.6734548899	0.0009567852017
345	0.5066524999	1.281843899	0.01354401806	0.4497984917	0.3176463936	0.01206585476	0	0	0	0.6734551437	0.0009567852017
346	0.5066697065	1.28182622	0.01354401806	0.4498443859	0.3176404071	0.01206585476	0	0	0	0.6734774426	0.0008770880676
347	0.5067944543	1.281762113	0.009049773756	0.4498002876	0.3180560523	0.01217793313	0	0	0	0.6736252736	0.0009567852017
348	0.5068159626	1.281727034	0.009049773756	0.4498027251	0.3181809626	0.01217793313	0	0	0	0.6736564008	0.0009568233465
349	0.5067385329	1.281694683	0.009049773756	0.449643134	0.3177253114	0.01217861976	0	0	0	0.6735139534	0.001195743154
350	0.5067944543	1.281676952	0.009049773756	0.4497226795	0.3179197287	0.01217861976	0	0	0	0.6735473371	0.001116115917
351	0.5068202642	1.28165703	0.009049773756	0.4497938045	0.3179514236	0.01229069177	0	0	0	0.6735418301	0.001195790816
352	0.5069192021	1.281568525	0.009049773756	0.4500327523	0.3186470013	0.01229069177	0	0	0	0.6736345358	0.001195790816
353	0.5068675823	1.281553806	0.009049773756	0.449956463	0.3186263447	0.01229069177	0	0	0	0.6736017349	0.001195790816
354	0.506945012	1.281521107	0.009049773756	0.4500391505	0.3186835919	0.01262683202	0	0	0	0.6736621719	0.001195790816
355	0.5070095368	1.281453652	0.009049773756	0.449998402	0.3186895851	0.01251338707	0	0	0	0.6738144296	0.001195790816
356	0.5070095368	1.281423715	0.01354401806	0.4499964046	0.3190237115	0.01251268177	0	0	0	0.6737650231	0.001116026944
357	0.5069622186	1.281395531	0.01354401806	0.4499556564	0.3189005245	0.01251338707	0	0	0	0.6737263667	0.001116071429
358	0.5070439499	1.281284187	0.01354401806	0.4499712295	0.3200959988	0.01251409245	0	0	0	0.673793413	0.001116071429
359	0.5070439499	1.281255182	0.01354401806	0.4499644344	0.3201589921	0.01262683202	0	0	0	0.6737628742	0.001275357698
360	0.5070224417	1.281236797	0.01354401806	0.449992807	0.3198529412	0.01262612029	0	0	0	0.673742831	0.001275357698
361	0.5069665203	1.281210269	0.01354401806	0.4498904929	0.3197463938	0.01262683202	0	0	0	0.6736896347	0.001275408529
362	0.5070740615	1.28118142	0.01354401806	0.450075516	0.3197525077	0.01273957159	0	0	0	0.673860363	0.001275357698
363	0.5070826648	1.281147176	0.01354401806	0.4501390354	0.319582794	0.01262754383	0	0	0	0.6738431997	0.001434663053
364	0.5069493137	1.281100497	0.01354401806	0.4499876158	0.3191173987	0.0125147979	0	0	0	0.6737794994	0.00135495955
365	0.5069321071	1.281075675	0.01354401806	0.4499840205	0.3191369606	0.01262754383	0	0	0	0.6737492259	0.001354797577
366	0.5070568549	1.281036894	0.01354401806	0.4504004732	0.3190108076	0.01262825572	0	0	0	0.6737280388	0.001514064866
367	0.5070783631	1.280987378	0.01354401806	0.4503385373	0.3189396215	0.01285086236	0	0	0	0.6737658194	0.001434434395
368	0.5071686978	1.280954646	0.01354401806	0.4504174531	0.3192148179	0.01285086236	0	0	0	0.6738147859	0.001514125194
369	0.5070396483	1.280874325	0.01354401806	0.4503321847	0.3193085086	0.01262683202	0	0	0	0.6737064326	0.001514064866
370	0.507104173	1.280840187	0.01354401806	0.4503413979	0.3193308829	0.01262683202	0	0	0	0.6737891028	0.001673306773
371	0.5071084747	1.280783076	0.009049773756	0.4502887492	0.3196174044	0.01262683202	0	0	0	0.6737181458	0.001593688992
372	0.5070654582	1.280761775	0.01354401806	0.4502071702	0.3196054162	0.01262683202	0	0	0	0.6736682924	0.001673306773
373	0.5071643961	1.28070489	0.01354401806	0.450322333	0.3196444644	0.01262612029	0	0	0	0.6738127882	0.00167324011
374	0.507203111	1.280689036	0.01354401806	0.4503946832	0.3196429241	0.01262612029	0	0	0	0.6738572248	0.001593625498
375	0.5072246192	1.28067212	0.01354401806	0.4504246573	0.3196549137	0.01262612029	0	0	0	0.6738822434	0.001593625498
376	0.5071988093	1.280631701	0.01354401806	0.4504142807	0.3196489188	0.01251409245	0	0	0	0.6738405162	0.001593625498
377	0.5071988093	1.280602849	0.01354401806	0.4503894941	0.3196533743	0.0125147979	0	0	0	0.6738374484	0.001593625498
378	0.5072246192	1.280538177	0.01354401806	0.4505055029	0.3197252098	0.01262754383	0	0	0	0.6737446365	0.001514004542
379	0.5072375241	1.280532203	0.01354401806	0.4504478567	0.3197627494	0.01273957159	0	0	0	0.6737950143	0.001593625498
380	0.507276239	1.280508986	0.01354401806	0.4504194691	0.3199534613	0.01274028976	0	0	0	0.673856239	0.001593625498
381	0.5072332225	1.280492553	0.01354401806	0.4504187431	0.3198859159	0.01274028976	0	0	0	0.673775422	0.001593625498
382	0.5072160159	1.280460309	0.01354401806	0.4503015662	0.3198093379	0.01273957159	0	0	0	0.6738111853	0.001593625498
383	0.5072117143	1.280445774	0.01354401806	0.4501987889	0.3198588748	0.01274028976	0	0	0	0.6738330412	0.001593625498
384	0.5072891439	1.280412173	0.01354401806	0.4502535716	0.3201291025	0.01285158672	0	0.005025125628	0	0.6738999497	0.001593625498
385	0.507276239	1.280393954	0.01354401806	0.450272	0.3201710781	0.01285158672	0	0.005025125628	0	0.6738696077	0.001593625498
386	0.5073192555	1.280366046	0.01354401806	0.4503204231	0.3200765392	0.01307631609	0	0.005025125628	0	0.6739163846	0.00167324011
387	0.5073020489	1.280341142	0.01354401806	0.4504020161	0.3198874296	0.01307705315	0	0	0	0.6738858636	0.0016731068
388	0.5072977472	1.280324888	0.01354401806	0.4503676912	0.3200780312	0.01296358922	0	0.005025125628	0	0.6738466778	0.00167324011
389	0.5073364621	1.280268306	0.01354401806	0.4502560819	0.320387075	0.01296212804	0	0.005025125628	0	0.6739215312	0.001673306773
390	0.507276239	1.280251211	0.01354401806	0.4501764692	0.3203375527	0.01296358922	0	0	0	0.6738520069	0.001673306773
391	0.5073106522	1.280218938	0.01354401806	0.450190175	0.3207373963	0.01284868977	0	0	0	0.6738517383	0.001752848379
392	0.5073020489	1.280188608	0.01354401806	0.4501949606	0.3208137422	0.01284941389	0	0	0	0.6738328626	0.001752848379
393	0.5074310983	1.280094653	0.01354401806	0.450473378	0.3214285714	0.01285086236	0	0	0	0.6739187342	0.001593625498
394	0.5074999247	1.279999651	0.01354401806	0.4504445387	0.3215141531	0.01285158672	0	0.005025125628	0	0.6740407709	0.001672973511
395	0.5075472429	1.279984624	0.01354401806	0.4505157692	0.3215589375	0.01285158672	0	0.005025125628	0	0.6740797068	0.001832158362
396	0.5075171313	1.279948806	0.01354401806	0.4504549201	0.3214533196	0.01274028976	0	0.005025125628	0	0.6740486212	0.001832158362
397	0.5075429412	1.279933029	0.01354401806	0.4505114537	0.3211495588	0.01274028976	0	0.005025125628	0	0.6740859826	0.001832085391
398	0.5075773544	1.279913577	0.01354401806	0.450493425	0.3212934168	0.01274172633	0	0.005025125628	0	0.6741304176	0.001832085391
399	0.5074784165	1.279864009	0.01354401806	0.4503066306	0.3213155283	0.01285013808	0	0.005025125628	0	0.6740192413	0.001991159253
400	0.5074913214	1.279847099	0.01354401806	0.4501955003	0.3214058226	0.01307336865	0	0.005025125628	0	0.6739605218	0.001991159253
401	0.5074999247	1.279826504	0.01354401806	0.4501955003	0.3214700483	0.01307263199	0	0.005025125628	0	0.6739718974	0.00207072316
402	0.5074655115	1.279818927	0.01354401806	0.4501630387	0.3213670089	0.01318458418	0	0.005025125628	0	0.6739274859	0.00207072316
403	0.5074784165	1.279788823	0.01354401806	0.4501738587	0.3215824373	0.01307263199	0	0.005025125628	0	0.6739222509	0.00207072316
404	0.5074870198	1.27975468	0.01354401806	0.4500272637	0.3216165097	0.01318384134	0	0.005025125628	0	0.6739222474	0.002070805623
405	0.5075171313	1.279681401	0.01354401806	0.4501507667	0.3214559889	0.01306968621	0	0.005025125628	0	0.6739664619	0.002070805623
406	0.5075601478	1.279563077	0.01354401806	0.4501399819	0.3222045773	0.01307115894	0	0.005025125628	0	0.6740243401	0.002150109496
407	0.5076504824	1.279499826	0.01354401806	0.4500742286	0.3219194734	0.01340769534	0	0	0	0.6741625265	0.00215019511
408	0.5076547841	1.279473238	0.01354401806	0.4500934519	0.3220690816	0.01340694006	0	0	0	0.6741778269	0.00207072316
409	0.5076289742	1.279428795	0.01354401806	0.4501058846	0.3219568754	0.01340694006	0	0	0	0.674139019	0.002070970568
410	0.5076547841	1.279414895	0.01354401806	0.4501058846	0.3219990274	0.01340542976	0	0	0	0.6741803449	0.001991397164
411	0.507680594	1.2793751	0.01354401806	0.4500352994	0.3219822347	0.01340542976	0	0	0	0.674268683	0.001991397164
412	0.5076461808	1.279365492	0.01354401806	0.4500016046	0.3220002992	0.01340694006	0	0.005025125628	0	0.6741963871	0.001911969727
413	0.5075859577	1.279336211	0.01354401806	0.4500361069	0.3216597448	0.01340618487	0	0.005025125628	0	0.6741041412	0.001911893571
414	0.5076117676	1.279272193	0.01354401806	0.450061771	0.3216377552	0.01318012842	0	0.005025125628	0	0.674170921	0.001911741278
415	0.5076504824	1.279247307	0.01354401806	0.4500409172	0.3222126641	0.01340316495	0	0.005025125628	0	0.67416346	0.00191166514
416	0.5076117676	1.279199363	0.01354401806	0.4499995989	0.3220316795	0.01329203041	0	0.005025125628	0	0.6741498406	0.00207072316
417	0.5076289742	1.279168665	0.01354401806	0.4499534675	0.3222959708	0.01329203041	0	0.005025125628	0	0.6741611282	0.00207072316
418	0.5076978006	1.279152894	0.01354401806	0.4501592242	0.3225878791	0.0134039198	0	0.005025125628	0	0.6741737253	0.002070805623
419	0.5076375775	1.279135544	0.01351351351	0.4499935807	0.3226577974	0.01340467474	0	0.005025125628	0	0.6740950776	0.002070888092
420	0.5075773544	1.279092397	0.01354401806	0.4500220662	0.3223599349	0.01329203041	0	0.005025125628	0	0.6740084266	0.001911817421
421	0.507680594	1.2790787	0.01354401806	0.4500774335	0.3225914987	0.01329203041	0.008438818565	0.005025125628	0	0.6741247478	0.001911893571
422	0.5076848956	1.279063684	0.01354401806	0.4500405261	0.3226421442	0.01351427445	0.008438818565	0.005025125628	0	0.6741273604	0.001911969727
423	0.5077279121	1.279028656	0.01354401806	0.4500413479	0.3225987328	0.01362689341	0.008438818565	0.005025125628	0	0.6741532932	0.001991555803
424	0.5077666269	1.279002239	0.01801801802	0.450091531	0.3227554758	0.01362766077	0.008438818565	0.005025125628	0	0.6741671889	0.001991397164
425	0.5077193088	1.278977672	0.01801801802	0.4500931338	0.322485373	0.01340316495	0.008438818565	0.005025125628	0	0.6741475115	0.001832231339
426	0.5076289742	1.278929688	0.01797752809	0.4501726749	0.322387725	0.01351579659	0.008438818565	0.005025125628	0	0.6741970729	0.001752708732
427	0.507667689	1.278905901	0.01797752809	0.4501450065	0.3227759404	0.01351579659	0.008438818565	0.005025125628	0	0.6742340516	0.001752708732
428	0.5077408171	1.278871273	0.01797752809	0.4502149227	0.3228277318	0.01340467474	0.008438818565	0.005025125628	0	0.6742357861	0.001593562009
429	0.5077709286	1.278782081	0.01351351351	0.4504271997	0.3223732172	0.01340542976	0.008438818565	0.005025125628	0	0.6743006666	0.00167324011
430	0.5078225484	1.278747029	0.01351351351	0.4503562869	0.3224551626	0.01340618487	0.008438818565	0.005025125628	0	0.6743715713	0.00167324011
431	0.5077881352	1.278731777	0.01351351351	0.4502140898	0.3223502132	0.01340542976	0.008438818565	0.005025125628	0	0.6743676195	0.001752778552
432	0.5077924368	1.278706255	0.01351351351	0.4502621999	0.3222874668	0.01340618487	0.008438818565	0.005025125628	0	0.6743482106	0.001911969727
433	0.5077580237	1.278691043	0.01351351351	0.4501303389	0.3223803557	0.01340542976	0.008438818565	0.005025125628	0	0.6742832471	0.001991635132
434	0.507753722	1.278667214	0.01797752809	0.4500148395	0.3227663551	0.01340467474	0.008438818565	0.005025125628	0	0.6742868056	0.001991476481
435	0.5078182467	1.278629332	0.01797752809	0.4503042596	0.3224914012	0.01340542976	0.008438818565	0.005025125628	0	0.6743688667	0.001991555803
436	0.5078010401	1.278624511	0.01797752809	0.4503162604	0.3223719878	0.01340542976	0.008438818565	0.005025125628	0	0.6743579521	0.001991555803
437	0.5078182467	1.278611286	0.01797752809	0.4503871868	0.322466071	0.01351731907	0.008438818565	0.005025125628	0	0.6743417227	0.001991476481
438	0.5077322138	1.278597926	0.01797752809	0.4501410799	0.3223840416	0.01351655778	0.008438818565	0.005025125628	0	0.6743251101	0.001911969727
439	0.5077064039	1.278539926	0.01797752809	0.4505358186	0.3220921973	0.01351731907	0.008438818565	0.005025125628	0	0.6743259982	0.001911893571
440	0.507753722	1.278505256	0.01797752809	0.4506068078	0.3220345317	0.01351655778	0.008438818565	0.005025125628	0	0.6743949225	0.001911969727
441	0.5078139451	1.278479886	0.01797752809	0.4506237547	0.3223852697	0.01351655778	0.008438818565	0.005025125628	0	0.6744430634	0.001911969727
442	0.5078053418	1.278470445	0.01797752809	0.4506625272	0.3225179426	0.01351655778	0.008438818565	0.005025125628	0	0.6743964646	0.001911969727
443	0.5077623253	1.278395547	0.01797752809	0.4506103617	0.3222406996	0.01351655778	0.008438818565	0.005025125628	0	0.6742929801	0.001991635132
444	0.5077279121	1.278388665	0.01797752809	0.450597951	0.3222274129	0.01351579659	0.008438818565	0.005025125628	0	0.6742457295	0.00183237731
445	0.5077924368	1.278369784	0.01797752809	0.4507335512	0.3222527421	0.01351503548	0.008438818565	0.005025125628	0	0.6743242794	0.001832450305
446	0.5077580237	1.278331687	0.01797752809	0.4507606085	0.3223757938	0.01351503548	0.008438818565	0.005025125628	0	0.6742761183	0.001911893571
447	0.5077021022	1.278312851	0.01351351351	0.4505932651	0.3225095696	0.01351427445	0.008438818565	0.005025125628	0	0.6742654761	0.001752778552
448	0.5078053418	1.278254001	0.01797752809	0.4505311393	0.3229108297	0.01351427445	0.008438818565	0.005025125628	0	0.6743068945	0.001752778552
449	0.5077150072	1.278221355	0.01797752809	0.4504517493	0.3225975093	0.01351427445	0.008438818565	0.005025125628	0	0.674291604	0.001752848379
450	0.5077236105	1.278216161	0.01797752809	0.4504641607	0.3225661899	0.01362612613	0.008438818565	0.005025125628	0	0.6743027185	0.001752848379
451	0.5077236105	1.278198629	0.01797752809	0.4504822018	0.3225794406	0.01362459183	0.008438818565	0.005025125628	0	0.6743001064	0.001832231339
452	0.5077322138	1.278192191	0.01797752809	0.4504950495	0.3226288275	0.01362535893	0.008438818565	0.005025125628	0	0.6742859043	0.001832231339
453	0.5077623253	1.278137969	0.01797752809	0.4506164433	0.3224071272	0.01362459183	0.008438818565	0.005025125628	0	0.6742934555	0.001911817421
454	0.5078182467	1.278032324	0.01797752809	0.4504299464	0.322797579	0.01351351351	0.008438818565	0.005025125628	0	0.6743526147	0.001991397164
455	0.5077795319	1.277996324	0.01797752809	0.4503944077	0.3227059637	0.01351731907	0.008438818565	0.005025125628	0	0.6742794952	0.001991397164
456	0.5077924368	1.277975087	0.01797752809	0.4504068299	0.3228180273	0.01351808043	0.008438818565	0.005025125628	0	0.6742794003	0.001832304322
457	0.507925788	1.277930076	0.01797752809	0.45071709	0.3229047984	0.01374183375	0.008438818565	0.005025125628	0	0.6744033373	0.001832304322
458	0.5079645028	1.277925079	0.01797752809	0.4507279239	0.322930091	0.01374183375	0.008438818565	0.005025125628	0	0.6744726203	0.001832158362
459	0.5079645028	1.277891354	0.01797752809	0.4506899953	0.3229806705	0.01374183375	0.008438818565	0.005025125628	0	0.6744032464	0.001832012426
460	0.5079558995	1.277872272	0.01797752809	0.4506527248	0.323010833	0.01374183375	0.008438818565	0.005025125628	0.001011633789	0.6743780371	0.001832158362
461	0.5079558995	1.277862295	0.01797752809	0.4506595037	0.3229470223	0.01374260772	0.008438818565	0.005025125628	0.001011633789	0.6743780371	0.00191166514
462	0.5078354533	1.277816361	0.01797752809	0.4505120001	0.3226529659	0.01374183375	0.008438818565	0.005025125628	0.001011633789	0.6742778828	0.001832085391
463	0.5078784698	1.277778447	0.01797752809	0.4505359706	0.3226542056	0.01373951236	0.008438818565	0.005025125628	0.002022244692	0.6743277197	0.00191166514
464	0.5078784698	1.277758238	0.01797752809	0.4504474165	0.3226602366	0.01407499156	0.008438818565	0.005025125628	0.002022244692	0.6743467499	0.001832158362
465	0.5079171847	1.277741016	0.01797752809	0.4505515649	0.3225577265	0.01407578402	0.008438818565	0.005025125628	0.002022244692	0.6743801653	0.001911741278
466	0.5079429945	1.277721229	0.01797752809	0.450615503	0.3225758199	0.01407578402	0.008438818565	0.005025125628	0.002022244692	0.6744256562	0.001911741278
467	0.5079386929	1.277682246	0.01797752809	0.4506087249	0.3226518098	0.01396239162	0.008438818565	0.005025125628	0	0.6744255595	0.001911817421
468	0.5079171847	1.277664518	0.01797752809	0.45064959	0.3224467667	0.01385213131	0.008438818565	0.005025125628	0	0.6744173489	0.001911741278
469	0.5079429945	1.277631501	0.01797752809	0.4505838884	0.322619248	0.01406944679	0.008438818565	0.005025125628	0	0.674450481	0.001991317854
470	0.5079472962	1.277625421	0.01797752809	0.4506179766	0.3225878833	0.01418120428	0.008438818565	0.005025125628	0	0.67444198	0.001911741278
471	0.5079515978	1.277567149	0.01797752809	0.4504833822	0.3230568012	0.01418359881	0.008438818565	0.005025125628	0	0.674450966	0.001911741278
472	0.5079731061	1.277544029	0.01797752809	0.4505915547	0.3229929735	0.01429697174	0.008438818565	0.005025125628	0	0.6744371521	0.001911741278
473	0.5079602011	1.277530018	0.01797752809	0.450582304	0.3225939154	0.01418519561	0.008438818565	0.005025125628	0	0.6744695079	0.001911741278
474	0.5080204242	1.277476289	0.01797752809	0.4505569411	0.3227217497	0.01418519561	0.008438818565	0.005025125628	0	0.6745233854	0.002070888092
475	0.5079558995	1.277448131	0.01797752809	0.45050565	0.3226288833	0.01418839029	0.008438818565	0.005025125628	0	0.6744372423	0.001991317854
476	0.5080376308	1.27742104	0.01797752809	0.4506260923	0.3233289132	0.01418679277	0.008438818565	0.005025125628	0	0.674495794	0.001991317854
477	0.5079903127	1.277390995	0.01797752809	0.4505485692	0.323698344	0.01418599415	0.008438818565	0.005025125628	0	0.6744330008	0.001991317854
478	0.5080118209	1.277370242	0.01797752809	0.4506547557	0.3235864538	0.01441035744	0.008438818565	0.005025125628	0	0.6744529065	0.00191166514
479	0.5080290275	1.277320531	0.01797752809	0.4506145619	0.3231900833	0.01441116866	0.008438818565	0.005025125628	0	0.6745208165	0.001911817421
480	0.5081107589	1.277232837	0.01797752809	0.450627343	0.3231330031	0.01418599415	0.008438818565	0.005025125628	0	0.6744722709	0.001911436763
481	0.5080763457	1.277209182	0.01797752809	0.4505839387	0.3229641816	0.01407340689	0.008438818565	0.005025125628	0	0.6744781614	0.001990921398
482	0.5081064572	1.277186186	0.01797752809	0.4506149054	0.3233617967	0.01407340689	0.008438818565	0.005025125628	0	0.6744482402	0.002150023889
483	0.5080634407	1.277156662	0.01797752809	0.4504912348	0.3231666293	0.01418280054	0.008438818565	0.005025125628	0	0.6744678378	0.002229476869
484	0.5080634407	1.277120549	0.01797752809	0.4504270211	0.323159449	0.01418359881	0.008438818565	0.005025125628	0	0.6744898467	0.002308917197
485	0.508084949	1.277112115	0.01797752809	0.4504887719	0.3230196863	0.01418359881	0.008438818565	0.005025125628	0	0.6745230544	0.002308917197
486	0.5081236638	1.277076428	0.01797752809	0.4505281068	0.3229147194	0.01418359881	0.008438818565	0.005025125628	0	0.6746033723	0.002309009117
487	0.5081150605	1.277051468	0.01797752809	0.4506522472	0.3229521068	0.01418359881	0.008438818565	0.005025125628	0	0.674549629	0.002388725217
488	0.5080978539	1.277024753	0.01797752809	0.4505046615	0.3230605341	0.01407182258	0.008438818565	0.005025125628	0	0.6745829424	0.002388820321
489	0.508072044	1.277013966	0.01797752809	0.4504938182	0.3230809478	0.01407103056	0.008438818565	0.005025125628	0	0.6745529208	0.002388820321
490	0.5081752836	1.276982638	0.01797752809	0.4504630411	0.3234261818	0.01418359881	0.008438818565	0.005025125628	0	0.6746246851	0.002388820321
491	0.5082269034	1.276943063	0.01797752809	0.4504866219	0.3238322638	0.01418439716	0.008438818565	0.005025125628	0	0.6747156024	0.002309284918
492	0.5081924902	1.276935716	0.01797752809	0.4505214815	0.3234295099	0.01407419918	0.008438818565	0.005025125628	0	0.6747040972	0.002229743181
493	0.5082269034	1.276920911	0.01797752809	0.4505103557	0.3236495942	0.01407419918	0.008438818565	0.005025125628	0	0.6747202019	0.002229743181
494	0.5082139984	1.276907709	0.01797752809	0.4505015299	0.3236122773	0.01385057148	0.008438818565	0.005025125628	0	0.6747144998	0.002229831966
495	0.5081666803	1.27688512	0.01797752809	0.4504035658	0.3235799059	0.01384979169	0.008438818565	0.005025125628	0	0.6746698879	0.002229831966
496	0.5082957298	1.276863665	0.01797752809	0.4506436045	0.3232817372	0.01385057148	0.008438818565	0.005025125628	0.001011633789	0.6748216191	0.002229920758
497	0.5082914281	1.276838639	0.01797752809	0.4506083116	0.3233333956	0.01373719176	0.008438818565	0.005025125628	0.001011633789	0.6748328235	0.002309468822
498	0.5081838869	1.276820981	0.01797752809	0.4505006544	0.3230852513	0.0137379652	0.008438818565	0.005025125628	0.001011633789	0.6747448079	0.002389010551
499	0.5082742215	1.276658285	0.01797752809	0.4506443619	0.3239352577	0.0137379652	0.008438818565	0.005025125628	0.001011633789	0.6748933235	0.002309468822
