tract_code,Total_Popupation,Total_Households,Median_Household_Income,state_fips,county_fips
710200,19137,6063,106288,48,071
710600,0,0,-666666666,48,071
710100,8726,3050,76944,48,071
710300,2985,974,61063,48,071
710500,3718,1312,39672,48,071
551400,5130,1917,77266,48,201
552500,11478,3556,58893,48,201
210700,2657,745,40121,48,201
211000,1941,689,34261,48,201
211900,5478,1409,35275,48,201
220500,3606,1761,17616,48,201
221300,9920,2481,43191,48,201
221400,5977,1801,35568,48,201
221500,8350,2602,28984,48,201
221800,4000,1065,31899,48,201
221900,4790,1252,42813,48,201
222600,5109,1981,26467,48,201
222700,5773,2131,20131,48,201
230700,2873,995,26383,48,201
230900,4227,1621,22198,48,201
231200,6998,2191,35998,48,201
241000,8901,2968,61179,48,201
252900,8103,2992,54693,48,201
253900,4218,1670,53971,48,201
254000,3967,1474,47125,48,201
254300,5221,1812,44899,48,201
310600,5874,2050,34587,48,201
312000,5287,587,74219,48,201
211100,5953,1937,28475,48,201
313500,2862,850,40357,48,201
313700,2265,903,43679,48,201
323000,7422,2134,31385,48,201
323300,3807,1159,34176,48,201
331800,4208,1187,32823,48,201
332100,3424,920,36781,48,201
333000,3425,1001,59321,48,201
333700,3395,958,47803,48,201
521900,6705,2514,80528,48,201
533600,5468,1862,32354,48,201
542500,3039,1353,73631,48,201
341800,2061,777,79792,48,201
340100,6677,2558,48391,48,201
340500,6861,2863,47250,48,201
342500,5641,2161,77163,48,201
342700,4863,1718,65640,48,201
343000,7070,2552,65084,48,201
411100,3872,1554,164722,48,201
412600,3941,1261,250001,48,201
420300,3794,1653,106094,48,201
421500,7875,2858,29468,48,201
531500,3014,1247,59188,48,201
531700,3425,1273,131932,48,201
312300,1894,911,33854,48,201
312800,2514,663,12260,48,201
312900,4022,1630,39816,48,201
350200,8691,2753,72936,48,201
340900,5036,2118,51368,48,201
342100,4212,1419,74283,48,201
350500,7912,2347,49480,48,201
410500,4630,2536,102778,48,201
411700,3208,1832,67700,48,201
430800,5633,2331,120436,48,201
431700,4596,1998,188571,48,201
432500,5501,2435,28813,48,201
450200,5244,1846,138500,48,201
451800,5792,2003,58089,48,201
452600,8907,2606,37337,48,201
233600,2095,779,30272,48,201
240400,8110,2403,52276,48,201
252700,4157,1537,42403,48,201
252800,6917,2239,52930,48,201
253100,11333,3147,110276,48,201
310100,5327,2540,66221,48,201
411400,2711,1164,224500,48,201
420500,3925,1217,31076,48,201
220400,4190,1255,38640,48,201
332900,5220,1410,36346,48,201
410300,2874,1669,111299,48,201
430400,3398,1190,250001,48,201
433400,4785,1772,32083,48,201
452300,2405,746,36688,48,201
241300,11354,3929,96536,48,201
253000,4464,1515,53313,48,201
310900,5322,1754,28750,48,201
552200,7798,2777,59716,48,201
310300,4859,1906,43992,48,201
311500,7433,2147,44170,48,201
311900,2600,712,43295,48,201
312500,3325,1689,94337,48,201
313300,2444,1006,42879,48,201
330400,4897,1553,41701,48,201
321000,9294,2608,50068,48,201
322700,7850,2176,54627,48,201
323600,7829,3151,51630,48,201
332400,3906,1382,34270,48,201
333300,10546,3209,34469,48,201
660300,11489,3730,101747,48,039
661000,7242,2337,72321,48,039
661100,3595,1190,53722,48,039
661700,2976,1108,78830,48,039
662200,7375,2418,72539,48,039
663800,6288,2417,56250,48,039
333800,10980,3165,52811,48,201
340700,8147,2705,73198,48,201
343100,4823,1709,79355,48,201
343200,5233,1680,108258,48,201
350400,6758,1967,55811,48,201
211400,3837,1478,29045,48,201
211500,6929,1922,31250,48,201
211600,2749,1086,30102,48,201
320200,5548,1710,43672,48,201
321700,3307,996,69085,48,201
322600,5772,1700,49440,48,201
323500,5905,1945,31139,48,201
330200,4263,1215,48616,48,201
330500,5048,1343,50580,48,201
330700,9909,2479,49702,48,201
331200,3285,1373,26612,48,201
331500,9730,2974,52926,48,201
332300,3143,937,41406,48,201
333100,4052,1286,43243,48,201
333500,6360,2122,37418,48,201
333600,4058,1161,63036,48,201
350300,6769,2084,103111,48,201
410200,5237,2965,123555,48,201
411300,4041,2424,94960,48,201
411900,3173,1724,87333,48,201
420200,2736,979,65781,48,201
423500,1993,698,79722,48,201
430600,3966,1208,250001,48,201
433100,4033,1179,31766,48,201
440100,7115,2802,54663,48,201
450600,4060,1693,118906,48,201
450700,6507,2177,205391,48,201
454600,4898,2228,66696,48,201
510600,6203,3215,121592,48,201
510800,7958,4094,149693,48,201
520400,3420,1155,29497,48,201
521000,2426,741,37644,48,201
521700,6867,2964,28225,48,201
691900,6684,2116,90595,48,339
690300,5607,1753,40966,48,339
693000,10713,3275,46479,48,339
694600,8327,2971,76083,48,339
693500,5872,2403,50450,48,339
694500,11995,3866,124117,48,339
691500,4342,2091,61603,48,339
693400,4215,1406,28523,48,339
693600,3829,2022,41201,48,339
693700,11773,4394,88333,48,339
693900,13140,3656,45920,48,339
690800,4239,1560,144052,48,339
692300,19479,6491,81911,48,339
692400,10658,3998,65155,48,339
693200,8370,2849,96691,48,339
693300,7879,3277,68914,48,339
693800,4791,1707,41539,48,339
721000,1937,730,68289,48,167
723000,3308,1452,31294,48,167
723400,7068,2595,71781,48,167
723800,4180,2016,93083,48,167
724800,1299,559,41513,48,167
722200,3184,1181,26520,48,167
721300,5444,2015,66297,48,167
722900,2640,1027,42310,48,167
725000,1862,844,42845,48,167
726100,2350,1176,90595,48,167
720200,4801,1783,110625,48,167
720400,7600,2377,190250,48,167
721700,9378,3283,39924,48,167
721900,10807,3743,43559,48,167
723700,2324,862,35350,48,167
724900,1645,713,51484,48,167
725100,1958,712,42879,48,167
725300,2216,826,53111,48,167
722700,4952,1769,41971,48,167
723200,4460,1439,64089,48,167
724000,3982,248,37000,48,167
724400,2932,1431,40625,48,167
724600,1791,716,15625,48,167
724700,1726,711,27642,48,167
725500,1152,512,76429,48,167
721600,2216,772,58409,48,167
725800,4206,1676,53116,48,167
726000,1395,599,69688,48,167
721400,7893,3170,100957,48,167
722600,2574,895,43199,48,167
723100,3402,1424,41400,48,167
723300,6685,2273,88156,48,167
723900,2333,1035,43454,48,167
220100,2208,669,34375,48,201
221600,9861,2529,48638,48,201
222800,3148,872,33110,48,201
230200,4937,1695,30090,48,201
231900,7687,2265,36008,48,201
251200,6572,2285,64554,48,201
251600,6551,2078,88558,48,201
253500,9964,3364,52114,48,201
254500,1843,575,46773,48,201
254600,3446,1154,57455,48,201
310500,4507,1367,41513,48,201
311400,1541,495,49450,48,201
240600,2792,1063,27775,48,201
241200,7660,2719,50735,48,201
250600,8403,3178,38293,48,201
251000,3094,1192,91786,48,201
251800,2148,708,90119,48,201
252100,2274,698,62375,48,201
252200,9502,3047,56174,48,201
680100,6196,1810,105602,48,473
680200,9625,3055,49799,48,473
680300,10183,3377,48015,48,473
680600,8689,2710,78258,48,473
663000,4157,1303,55977,48,039
664100,5810,2147,63650,48,039
660200,6678,2185,87478,48,039
662100,5481,2083,77566,48,039
662600,3563,1308,66972,48,039
663600,5194,1871,120083,48,039
661400,6937,2408,54326,48,039
663100,7648,2059,127773,48,039
664200,2146,981,47589,48,039
660400,10756,3646,99322,48,039
661200,4402,1588,44881,48,039
662700,2454,904,62188,48,039
663300,2202,763,62250,48,039
663500,6122,2208,73415,48,039
663900,2361,840,44722,48,039
661300,2460,879,40592,48,039
663400,7684,3094,74735,48,039
662300,5211,1937,54973,48,039
662400,5040,1999,56723,48,039
662800,6372,2299,63576,48,039
660900,7612,2256,60833,48,039
232500,4300,933,38666,48,201
232600,3210,916,62167,48,201
241400,9781,3033,71552,48,201
542400,12874,3829,67739,48,201
550700,3892,1051,70050,48,201
321800,4274,1072,62167,48,201
313600,4620,1849,27246,48,201
320500,4585,1256,60656,48,201
321500,2965,904,30263,48,201
331300,5460,1790,39026,48,201
331900,3665,1153,46277,48,201
332000,6191,1928,28562,48,201
332200,5229,1412,46384,48,201
341700,3268,1235,71908,48,201
342200,3772,1162,60625,48,201
342400,3358,1198,63750,48,201
350100,17237,5203,92357,48,201
412500,1596,541,211250,48,201
410800,4215,2530,61948,48,201
410900,2869,1628,71735,48,201
413100,3164,1063,243583,48,201
420800,2348,833,184205,48,201
420900,7061,2491,236797,48,201
430100,5983,2835,83708,48,201
432300,7580,3447,38804,48,201
661900,15562,2876,78654,48,039
664000,3930,1389,65433,48,039
660100,4975,1660,106548,48,039
660500,9591,3388,85245,48,039
664300,5858,1754,39015,48,039
662500,2986,988,90658,48,039
663200,4721,1979,68708,48,039
663700,3573,1267,89779,48,039
664400,6042,2209,38107,48,039
661800,6163,2066,79113,48,039
662000,6249,2262,70487,48,039
662900,5111,1772,59891,48,039
680500,11284,3847,42513,48,473
680400,4010,8,-666666666,48,473
452000,8360,3739,55203,48,201
453200,8720,2764,37059,48,201
453700,9804,2840,48768,48,201
455000,2916,989,117865,48,201
510100,2188,1083,128417,48,201
510500,3325,1726,121048,48,201
511400,3190,1534,117931,48,201
410100,4499,2606,62759,48,201
410600,4458,2810,83885,48,201
411600,2426,1052,169545,48,201
411800,5277,2930,87500,48,201
412700,3547,1432,117167,48,201
412900,4078,2018,65909,48,201
421600,7502,2228,29536,48,201
422200,5356,2107,24886,48,201
555100,10747,3334,85567,48,201
555200,10902,3183,103545,48,201
555600,6362,2078,100806,48,201
252600,8501,2375,49838,48,201
311300,5148,1458,44722,48,201
310200,1830,900,119500,48,201
312400,2212,1012,19345,48,201
321100,8514,2620,60732,48,201
340400,1409,536,169500,48,201
673300,7258,2611,142768,48,157
674800,5814,2004,37849,48,157
670500,4598,1685,54447,48,157
670800,18027,4955,73601,48,157
674000,8207,3112,88846,48,157
675500,17695,5791,85238,48,157
674200,5180,1733,216518,48,157
674400,19477,5666,171500,48,157
671700,5230,2046,131643,48,157
674300,9259,2577,138355,48,157
340600,2505,980,95064,48,201
342300,8271,2317,64550,48,201
342800,8972,2811,126571,48,201
350700,2490,869,82679,48,201
411200,1887,686,188500,48,201
412200,5914,2188,129265,48,201
412800,5261,1677,236938,48,201
420100,2934,1455,45186,48,201
420600,2283,961,81080,48,201
421700,4751,1783,58669,48,201
422100,5400,1936,58830,48,201
422600,7929,2409,55554,48,201
422800,5015,1507,39097,48,201
422900,4335,1628,36484,48,201
423000,6116,1991,29900,48,201
423100,2523,897,36969,48,201
430500,2696,933,106477,48,201
430700,3911,1735,72917,48,201
431900,4357,2639,88897,48,201
432600,2065,854,46355,48,201
450400,4596,1735,64635,48,201
450500,2968,1162,164773,48,201
672800,8195,2275,88581,48,157
674700,15077,4588,88696,48,157
671100,8663,2760,65334,48,157
721202,5452,1685,116908,48,167
554001,3332,1299,74542,48,201
554002,4279,1513,145197,48,201
554101,1192,422,125208,48,201
554102,9691,3274,96325,48,201
554301,7536,2635,106194,48,201
554302,4946,1538,102308,48,201
554401,15270,4861,134992,48,201
554402,16708,5078,113188,48,201
554403,13195,3957,98092,48,201
554501,6170,1957,126696,48,201
554502,6474,2159,148092,48,201
554801,17427,5321,72389,48,201
554802,20804,6517,115465,48,201
554901,10411,3075,72765,48,201
554902,8181,2800,107714,48,201
554903,13135,4172,109561,48,201
555301,1147,594,112500,48,201
555302,18295,5767,140584,48,201
555303,9612,3180,97000,48,201
555401,2544,952,67375,48,201
555402,7793,2913,58520,48,201
555501,5092,1629,71960,48,201
555502,25623,7875,109040,48,201
555701,8950,2715,119485,48,201
555702,15762,4642,133000,48,201
556000,7265,2424,62030,48,201
980000,3,3,-666666666,48,201
980100,570,228,30000,48,201
722001,5159,1997,75922,48,167
722002,3300,1323,52702,48,167
723501,1151,401,75573,48,167
723502,9266,3240,66678,48,167
724101,1105,632,32083,48,167
726200,2373,835,32936,48,167
990000,0,0,-666666666,48,167
660702,15184,4994,100257,48,039
660801,9188,3141,103063,48,039
660802,8418,2471,106422,48,039
661501,4941,1563,62422,48,039
661502,4747,1493,70179,48,039
661601,6562,2523,65722,48,039
661602,3065,1031,69150,48,039
664501,5483,1926,48810,48,039
990000,0,0,-666666666,48,039
450900,3035,1244,90976,48,201
313800,4763,1928,26606,48,201
542800,8714,2697,97652,48,201
551000,3908,877,45284,48,201
551300,4434,1203,76182,48,201
552400,7709,2775,49811,48,201
552700,8620,3746,58143,48,201
452700,13124,3771,39612,48,201
453100,4550,1549,35066,48,201
453300,3471,1200,24886,48,201
453800,4312,1080,54184,48,201
454400,924,355,52625,48,201
454700,6851,2409,122178,48,201
510200,6705,3549,99453,48,201
511200,5225,2531,136515,48,201
520100,1917,821,116750,48,201
522100,7672,2648,51250,48,201
530100,6550,2462,30867,48,201
530200,3679,1592,94894,48,201
530900,4396,1598,81458,48,201
531400,2150,957,74554,48,201
553100,6118,2359,58750,48,201
553600,8097,2938,81154,48,201
553700,4242,1473,78104,48,201
210900,1209,542,29583,48,201
211200,2362,945,28026,48,201
220300,4334,1237,43732,48,201
220700,6554,1838,26939,48,201
221000,4205,1043,31106,48,201
252400,6947,2077,52347,48,201
253200,10564,3391,74151,48,201
253400,635,207,38125,48,201
254100,5375,1731,40975,48,201
254400,3012,943,34375,48,201
322000,5442,1604,34370,48,201
313900,4554,2522,56176,48,201
671400,8673,3196,64815,48,157
672200,3620,1446,87639,48,157
675100,11208,3781,55053,48,157
673500,8221,3028,109069,48,157
673800,10623,2766,113333,48,157
674100,7369,2635,111195,48,157
675400,8122,2451,57090,48,157
671200,6515,2076,71056,48,157
671300,4351,1316,63421,48,157
672900,51536,15407,98531,48,157
673400,25696,8330,123728,48,157
673600,7746,2777,95750,48,157
673700,2629,5,-666666666,48,157
675000,3419,1065,38712,48,157
675600,7315,2295,80398,48,157
675700,6456,2347,64059,48,157
541700,10881,4050,63739,48,201
322100,4252,1194,41731,48,201
322200,1660,494,30893,48,201
323400,8035,2207,39472,48,201
324000,5392,1876,74722,48,201
330100,9859,2454,59591,48,201
330800,12649,4146,78377,48,201
331100,4108,1480,25574,48,201
332600,7107,2134,39601,48,201
430900,5900,2466,90787,48,201
422500,7118,2417,45036,48,201
423600,7320,2306,53589,48,201
432400,5739,3096,37718,48,201
433600,6712,2501,34572,48,201
451200,2731,1055,139489,48,201
451500,4723,2682,65808,48,201
210500,5479,1820,36883,48,201
210600,5273,2032,58969,48,201
211700,3990,1437,31803,48,201
222300,4920,1209,44598,48,201
230600,2827,929,32371,48,201
232800,5691,2158,45115,48,201
233500,8028,2207,41037,48,201
542000,16250,4613,82017,48,201
412400,4737,1647,250001,48,201
413000,3921,1501,135074,48,201
420700,2998,1093,141295,48,201
421800,4999,2182,52018,48,201
421900,2531,1026,131792,48,201
430200,1558,712,72500,48,201
660601,13024,4536,101667,48,039
660602,42978,13877,101986,48,039
660701,16393,5639,128110,48,039
724500,907,528,40156,48,167
720600,14494,4806,109331,48,167
720800,3649,1399,76339,48,167
720900,5252,1957,50037,48,167
721100,12058,4004,63105,48,167
721500,7614,3562,83305,48,167
722300,7541,2128,42717,48,167
722800,2553,873,38839,48,167
725700,2240,906,101667,48,167
725900,2475,1388,44167,48,167
725600,4441,2227,43618,48,167
721800,4890,1952,42794,48,167
722100,6945,2380,64398,48,167
725200,2140,791,33036,48,167
725400,3583,1522,39694,48,167
330600,7355,2181,41703,48,201
323200,5814,1584,61471,48,201
331400,2421,1175,12615,48,201
331700,4356,1383,40213,48,201
340800,5968,2075,119433,48,201
452400,8119,2500,43214,48,201
452900,4626,1125,49980,48,201
520300,5525,1813,41745,48,201
520700,4072,1276,101250,48,201
521200,5762,2146,33569,48,201
530500,5405,1717,31832,48,201
531100,3262,1287,135375,48,201
531800,2366,849,33323,48,201
533000,2422,805,30507,48,201
533300,6199,2151,20768,48,201
540100,11422,3996,131277,48,201
541900,7293,2336,80603,48,201
550800,3669,981,52848,48,201
312200,2002,773,25699,48,201
312600,7365,3812,80213,48,201
312700,2386,1088,53776,48,201
313000,2603,1173,42303,48,201
320100,2822,956,39682,48,201
720700,12133,4240,87324,48,167
723600,4799,1671,74401,48,167
724200,2670,1374,35156,48,167
724300,3102,1404,39688,48,167
720100,5769,2075,94904,48,167
553200,6452,2644,43275,48,201
555000,8401,2630,83831,48,201
221100,3830,1003,29243,48,201
223100,2336,610,47361,48,201
230300,2257,806,30205,48,201
230800,2523,820,32308,48,201
231400,2645,973,41359,48,201
233300,4588,1259,44260,48,201
552800,9371,4172,73333,48,201
552900,8878,3659,58125,48,201
553500,6890,2500,70932,48,201
232100,3504,952,37500,48,201
531900,5077,1602,42917,48,201
532200,4083,1349,39420,48,201
532300,7429,3040,47329,48,201
532400,6824,2079,72550,48,201
533100,7864,2334,61213,48,201
533400,12175,3170,40373,48,201
694700,3006,1226,75409,48,339
690700,10751,5057,80750,48,339
690500,11660,3960,125870,48,339
690900,4385,1444,177031,48,339
691200,7398,2800,130625,48,339
691400,9176,4064,68196,48,339
691800,9646,3374,77000,48,339
692200,8888,2921,58146,48,339
692900,5611,1673,72917,48,339
690100,10794,3739,73695,48,339
691100,4229,1553,106821,48,339
694400,9160,3277,62348,48,339
692100,15009,5144,90082,48,339
692700,7986,2618,55032,48,339
694000,11680,3860,54128,48,339
691700,2876,1620,151591,48,339
691000,3984,1477,180197,48,339
692500,9584,3204,48274,48,339
675300,6911,2245,44896,48,157
670300,3400,1132,54125,48,157
675800,3281,1224,46438,48,157
210400,4403,1544,28933,48,201
220200,2609,886,40588,48,201
222900,7548,2017,50895,48,201
230100,1169,495,28309,48,201
231100,4867,1398,41696,48,201
231500,3000,952,30517,48,201
231800,2925,834,39205,48,201
232200,17871,6163,63904,48,201
550100,5456,1937,25563,48,201
541400,16884,4844,77848,48,201
542900,20768,6264,93113,48,201
551800,4385,1827,106023,48,201
554700,8339,3080,99825,48,201
551100,10894,3476,37981,48,201
551500,8775,2958,50526,48,201
412000,4058,1679,177313,48,201
421000,2925,1063,163125,48,201
100000,5063,2565,84855,48,201
221700,8240,2243,42038,48,201
341000,7980,3646,59124,48,201
342900,6231,2183,82140,48,201
411000,5298,3372,95563,48,201
421300,7775,2469,28644,48,201
433300,5069,1600,58864,48,201
454800,8191,2987,58638,48,201
541800,6636,2469,52253,48,201
230500,3737,1113,39830,48,201
420400,3647,1515,94879,48,201
432100,6026,2606,40625,48,201
451100,4001,2024,83102,48,201
511100,3506,1523,112969,48,201
313400,3152,1340,30491,48,201
231000,4440,1336,39010,48,201
233200,6380,1790,49384,48,201
250500,6372,2016,78611,48,201
321900,5525,1498,53580,48,201
323900,4197,1475,31881,48,201
332700,2385,719,38438,48,201
551900,5758,3068,43750,48,201
522000,4713,1917,50143,48,201
530700,5601,1902,29194,48,201
530800,4350,1654,39583,48,201
531000,3905,1570,123000,48,201
521100,2291,660,38800,48,201
455300,8839,3882,66429,48,201
510700,4544,2653,125275,48,201
510900,7075,3498,125863,48,201
521300,5696,1925,41760,48,201
532100,7176,2678,31234,48,201
532800,1951,673,64821,48,201
532900,6684,1868,44514,48,201
533500,4357,1249,56417,48,201
541500,5513,1625,72762,48,201
542200,23196,6042,80515,48,201
542600,5773,1759,98301,48,201
542700,5142,1687,57134,48,201
550500,6443,1947,43384,48,201
553300,6377,2514,32290,48,201
553900,8055,2612,131719,48,201
554200,9310,3586,78452,48,201
554600,4486,1613,126875,48,201
210100,6820,52,-666666666,48,201
211300,5303,2053,22190,48,201
220600,3940,1066,37321,48,201
220800,3740,1070,23787,48,201
222200,3717,1012,26273,48,201
231700,3443,972,31023,48,201
232000,4632,1302,53043,48,201
421202,4968,1563,26326,48,201
421401,3942,1374,24583,48,201
421402,3801,1296,25920,48,201
421403,4131,1358,24767,48,201
422301,8193,2905,35707,48,201
422302,1881,865,56451,48,201
422401,3911,1941,23765,48,201
670101,6685,1713,48586,48,157
670102,3311,977,59750,48,157
670601,9093,3027,74921,48,157
670602,1890,551,51250,48,157
670901,12020,3674,107500,48,157
670902,7963,2322,86576,48,157
671001,5413,2295,92716,48,157
671002,5984,2316,67083,48,157
671501,8050,2588,110909,48,157
671502,1640,499,111055,48,157
511302,3863,1926,93182,48,201
520601,2781,798,35880,48,201
520602,5987,1915,38460,48,201
522201,4032,1280,48462,48,201
522202,4085,1239,43510,48,201
522301,4000,1515,44735,48,201
522302,3847,1414,72000,48,201
522401,5809,2035,60653,48,201
522402,3840,1273,57694,48,201
522500,5112,1785,191012,48,201
532001,6327,2742,36352,48,201
532002,1284,444,84038,48,201
532501,8663,2666,60706,48,201
532502,5336,1535,41762,48,201
533701,5751,1666,30076,48,201
533702,3757,917,45417,48,201
533801,11051,2852,49173,48,201
533802,7441,1951,63346,48,201
533901,9749,2628,56724,48,201
533902,4761,1536,28750,48,201
534001,3462,1010,31708,48,201
534002,5991,1530,51074,48,201
534003,2897,745,60721,48,201
534201,3018,895,57820,48,201
534202,9378,3861,73860,48,201
534203,2226,616,56000,48,201
540501,6645,2337,37397,48,201
540502,5156,1830,75368,48,201
540601,4128,1460,75711,48,201
540602,7610,2520,63218,48,201
540901,2488,1052,130263,48,201
540902,6654,2829,62302,48,201
541001,11518,3888,69755,48,201
541002,8937,2701,97436,48,201
541003,14425,4477,119395,48,201
541201,9331,3067,111875,48,201
541202,8783,2898,83412,48,201
671601,6796,2723,81003,48,157
671602,3465,1193,101531,48,157
672001,8160,2555,63212,48,157
672002,6945,2828,60804,48,157
672301,7712,2390,67816,48,157
672302,9183,3103,80784,48,157
672601,10813,2995,52798,48,157
672602,7566,1861,70417,48,157
672701,14544,3771,74260,48,157
672702,7720,2186,83750,48,157
673001,7916,2659,134327,48,157
673002,9303,2980,98983,48,157
673003,12305,3848,159241,48,157
673101,70271,19926,149657,48,157
673102,19520,6363,120037,48,157
673901,8875,2670,165156,48,157
673902,11654,3301,166283,48,157
674501,14142,4328,119482,48,157
674502,20152,5702,126157,48,157
674601,3628,1376,137955,48,157
674602,9632,2970,141315,48,157
674603,6248,2094,84876,48,157
674604,5260,1492,129773,48,157
720301,2158,791,97679,48,167
720302,7638,2410,126094,48,167
720501,4491,1379,108867,48,167
720502,11259,3513,102193,48,167
720503,16855,5429,123659,48,167
721201,21927,7795,108109,48,167
333902,8828,3020,52705,48,201
334001,4389,1580,47962,48,201
334002,2247,1098,58307,48,201
334003,6846,2387,55733,48,201
334100,14543,5540,58898,48,201
340201,1500,611,109402,48,201
340202,4993,1610,127568,48,201
340203,4543,1947,113147,48,201
340301,4048,1424,183421,48,201
340302,6701,2396,110767,48,201
341201,4029,1570,40476,48,201
341202,5047,2220,83409,48,201
341301,5229,2590,41719,48,201
341302,2906,1540,55083,48,201
341501,6674,2547,91979,48,201
341502,4382,1968,76458,48,201
342001,6826,2298,110988,48,201
342002,3542,1316,86613,48,201
343301,4948,1529,86033,48,201
343302,4978,1762,79468,48,201
343600,2969,1266,50645,48,201
343700,3268,1152,64688,48,201
350601,4702,1783,71375,48,201
350602,9660,3027,95598,48,201
350801,5582,1958,62611,48,201
350802,8285,2781,74479,48,201
410401,4050,2095,134413,48,201
410402,2353,1382,101250,48,201
410701,4154,2472,67829,48,201
422402,6612,2059,45172,48,201
422701,5717,1596,45040,48,201
422702,3082,1100,59756,48,201
423201,3652,1102,74800,48,201
423202,8264,2892,33945,48,201
423301,4631,1861,47357,48,201
423302,5245,2311,43314,48,201
423401,6077,1861,55044,48,201
423402,4689,1485,56338,48,201
431101,3775,2339,52540,48,201
431102,3923,1990,42874,48,201
431201,3869,2258,42953,48,201
431202,5441,2473,57129,48,201
431301,5820,2862,53769,48,201
431302,4255,1941,105495,48,201
431401,1745,937,61573,48,201
431402,3470,2106,86133,48,201
431501,4378,2787,70599,48,201
431502,3433,1619,141083,48,201
431801,3924,1790,106250,48,201
431802,4513,2597,107138,48,201
432001,4044,1939,55807,48,201
432002,4899,2355,34884,48,201
432701,6743,2014,21449,48,201
432702,4076,1722,63478,48,201
432801,5059,2062,36309,48,201
432802,6234,2360,23623,48,201
432901,2702,1099,30764,48,201
432902,6353,2343,34121,48,201
433001,6087,1932,23709,48,201
253300,3524,1167,83179,48,201
253800,8252,2670,63431,48,201
254700,2461,906,61250,48,201
310700,4302,1346,47054,48,201
311000,6175,2057,30437,48,201
311100,5365,1649,36225,48,201
313100,3561,1836,85531,48,201
543100,3633,1069,77118,48,201
550200,4414,1482,25972,48,201
550900,9779,2618,51419,48,201
551200,7718,2672,47181,48,201
551600,9294,2780,58854,48,201
410702,2808,1553,53983,48,201
411501,6828,4090,81765,48,201
411502,3792,2267,88563,48,201
413201,2701,1591,58504,48,201
413202,3983,2317,66250,48,201
421101,3228,1536,50811,48,201
421102,5748,2021,26790,48,201
421201,5433,2134,34429,48,201
532700,4934,1868,42716,48,201
533200,3921,1404,45301,48,201
412100,2768,0,-666666666,48,201
412300,7021,2550,250001,48,201
413300,7779,3254,98929,48,201
422000,2538,963,107399,48,201
431600,2937,1430,126429,48,201
432200,4994,2195,53337,48,201
450100,1903,716,125125,48,201
451300,7223,3007,86540,48,201
451700,3673,1668,55965,48,201
690201,11368,3720,80000,48,339
700200,3237,1189,32252,48,291
701000,7568,2251,54082,48,291
700500,2851,949,59292,48,291
700600,2589,1097,33361,48,291
701400,8073,2695,55049,48,291
700400,7629,2589,49723,48,291
700800,8778,3285,47182,48,291
701200,6401,2250,58015,48,291
700100,4079,1332,41411,48,291
700300,10911,3535,41872,48,291
700900,8352,855,71250,48,291
700700,2233,814,80000,48,291
701300,3065,1149,55865,48,291
701100,6096,2213,50634,48,291
990000,0,0,-666666666,48,071
433002,3772,1460,30257,48,201
433003,6041,1908,22432,48,201
433201,5252,1900,34299,48,201
433202,4788,1363,46921,48,201
433501,5492,1946,27625,48,201
433502,8588,2972,24226,48,201
450801,1615,951,58939,48,201
450802,9035,3070,51531,48,201
451001,5495,2331,36047,48,201
451002,5567,2410,46067,48,201
451401,3342,1710,44471,48,201
451402,4748,2472,52876,48,201
451403,5163,2792,56769,48,201
451601,7228,3074,87197,48,201
451602,9853,3639,95274,48,201
451901,7527,3504,36774,48,201
451902,2484,906,98750,48,201
452201,5513,2880,37422,48,201
452202,3739,1672,42230,48,201
452801,5826,1898,49719,48,201
452802,7013,1917,39020,48,201
453401,3182,1051,43286,48,201
453402,8316,2694,46289,48,201
453403,4680,1658,31250,48,201
453501,6684,2094,46446,48,201
453502,3759,1059,44821,48,201
453601,2466,702,35750,48,201
453602,8424,2512,33014,48,201
454301,12059,4323,53356,48,201
454302,6528,2362,51979,48,201
454501,9322,3097,183194,48,201
454502,2597,814,190882,48,201
455101,7307,2446,72347,48,201
455102,2895,987,117159,48,201
511001,3246,1431,68512,48,201
511002,4261,2223,76509,48,201
511301,3985,1973,116103,48,201
212300,4644,1518,25226,48,201
212400,2715,882,41000,48,201
212500,3980,1366,38269,48,201
222401,3263,904,37986,48,201
222402,6417,1470,44185,48,201
222501,4136,1061,26367,48,201
222502,3723,975,39625,48,201
222503,7602,1814,30442,48,201
223001,4465,1057,36801,48,201
223002,3870,1224,25076,48,201
232301,11956,3392,47840,48,201
232302,11856,3100,60631,48,201
232401,8938,2595,57616,48,201
232402,4046,1314,53700,48,201
232403,4702,1477,42055,48,201
232701,8306,2493,34320,48,201
232702,6047,1905,36469,48,201
233001,3941,1359,41955,48,201
233002,4737,1262,83424,48,201
233003,2834,815,78507,48,201
233101,4426,1206,40147,48,201
233102,7125,1788,37873,48,201
233103,5374,1528,29286,48,201
233701,5700,1435,40659,48,201
233702,2945,772,48190,48,201
233703,2386,696,47353,48,201
240501,6135,2167,30806,48,201
240502,5941,2104,24711,48,201
240701,14014,4442,51056,48,201
240702,15566,4120,62978,48,201
240801,5965,2564,35347,48,201
240802,6280,2073,50699,48,201
240901,11859,3445,71023,48,201
240902,15047,4625,63532,48,201
241101,4967,1558,74667,48,201
241102,12376,4187,67723,48,201
241103,4054,1581,47141,48,201
690202,8938,2633,91281,48,339
690401,7508,2275,99811,48,339
690402,17706,5707,83552,48,339
690601,20335,7694,99494,48,339
690602,25429,7890,160451,48,339
691301,4563,1669,129453,48,339
691302,5700,2585,32301,48,339
691601,3844,1805,77540,48,339
691602,5535,2030,60658,48,339
692001,35086,11090,111573,48,339
692002,13949,4034,158235,48,339
692601,4988,1340,48816,48,339
692602,13681,4429,58852,48,339
692801,9502,3001,63958,48,339
692802,7285,1989,51135,48,339
693101,6371,1855,38603,48,339
693102,5073,1560,58352,48,339
694101,12667,3881,58695,48,339
694102,5304,1856,67375,48,339
694201,7430,2712,62692,48,339
694202,12493,4834,61886,48,339
694301,13703,5856,87976,48,339
694302,8251,3532,81689,48,339
541203,2719,999,124375,48,201
541601,6198,2127,94985,48,201
541602,10425,3230,58083,48,201
542101,24020,6395,70031,48,201
542102,16596,4826,71043,48,201
542301,13634,3863,74336,48,201
542302,8534,2469,78490,48,201
543001,14126,4031,128532,48,201
543002,20582,6743,115947,48,201
543003,22394,6256,72574,48,201
543200,8175,3024,67609,48,201
550301,7828,3482,30667,48,201
550302,12258,4665,47018,48,201
550401,14904,4911,47609,48,201
550402,11568,3532,54889,48,201
550601,7061,1867,62335,48,201
550602,3160,866,59900,48,201
550603,6406,1648,60930,48,201
551701,8750,3457,70168,48,201
551702,3921,1319,116635,48,201
551703,8396,3102,83993,48,201
552001,8572,3648,56908,48,201
552002,1366,496,68152,48,201
552101,4270,1494,78164,48,201
552102,6629,2210,76667,48,201
552103,3309,1154,72841,48,201
552301,4220,1529,75917,48,201
552302,4450,1961,65297,48,201
552601,5959,2218,36808,48,201
552602,6964,3125,73423,48,201
553001,5786,2143,88438,48,201
553002,4834,1602,85424,48,201
553401,4206,1480,106856,48,201
553402,8702,3107,111268,48,201
553403,7491,2447,90217,48,201
553801,2863,949,127708,48,201
553802,8872,3244,66441,48,201
241500,8448,3137,43066,48,201
250301,10953,2883,64550,48,201
250302,11705,3664,82008,48,201
250401,12558,3947,96277,48,201
250402,21495,7065,111620,48,201
250701,5647,1835,78344,48,201
250702,4933,1621,107482,48,201
251401,2894,927,107880,48,201
251402,6245,2220,71121,48,201
251501,5973,1669,130436,48,201
251502,9515,3297,141946,48,201
251503,2258,796,98929,48,201
251901,10259,3692,77535,48,201
251902,6020,2126,92202,48,201
252301,9856,2559,61780,48,201
252302,13616,3847,75407,48,201
314001,2805,1580,58975,48,201
314002,6651,3718,49419,48,201
314400,3670,1908,52586,48,201
320601,2680,811,47813,48,201
321300,7091,2090,43452,48,201
452100,10595,4805,52185,48,201
510300,5043,2336,110104,48,201
511500,8020,3393,120069,48,201
520500,9298,2700,40420,48,201
521400,7554,2088,32008,48,201
521800,5545,1864,56000,48,201
531600,3153,1184,84348,48,201
532600,6534,2208,38553,48,201
320602,4835,1458,41143,48,201
321401,5089,1159,48125,48,201
321402,4398,1223,63210,48,201
323701,4533,1845,48883,48,201
323702,3119,1079,46191,48,201
323801,3809,1192,61111,48,201
323802,5090,1635,51077,48,201
324100,5538,1567,38502,48,201
324200,1146,386,28988,48,201
330301,8688,2193,62825,48,201
330302,6685,1713,60498,48,201
330303,4053,1623,46052,48,201
331601,6934,2469,41104,48,201
331602,1883,630,28438,48,201
333201,5004,1826,40577,48,201
333202,5803,2202,33161,48,201
333901,10291,2610,76324,48,201
670400,5348,1635,55108,48,157
670700,5861,1932,106559,48,157
671900,4051,1322,82738,48,157
674900,6079,1667,35017,48,157
675200,5862,1875,43374,48,157
670200,7592,2332,53566,48,157
671800,3384,1224,56351,48,157
672100,4051,1729,131445,48,157
672400,8935,2639,68915,48,157
672500,7674,2267,80880,48,157
673200,16875,5158,152655,48,157
710401,5726,2130,46537,48,071
430300,4814,1565,250001,48,201
431000,5877,2515,88224,48,201
450300,8530,2872,75482,48,201
453000,8200,2173,51218,48,201
453900,11216,3110,49231,48,201
454000,5433,1486,75625,48,201
455200,4517,1483,78897,48,201
250800,9037,3037,118633,48,201
252000,19799,6266,127921,48,201
252500,3779,1256,47230,48,201
253600,7093,2672,50936,48,201
253700,5806,1968,55302,48,201
310400,3554,1263,27623,48,201
310800,2604,956,33864,48,201
311600,3798,1368,30174,48,201
311700,5860,1835,26880,48,201
311800,4465,1217,37232,48,201
314300,4263,2220,35000,48,201
320700,4439,1572,49250,48,201
210800,2709,881,32882,48,201
220900,1796,474,42237,48,201
221200,6732,1652,43832,48,201
222000,2376,562,40466,48,201
222100,5617,1426,30824,48,201
230400,3423,1167,37163,48,201
231300,4615,1527,30404,48,201
231600,3136,1003,45594,48,201
232900,7170,2899,49728,48,201
233400,2719,963,32465,48,201
240100,3716,1414,31667,48,201
250100,9043,2614,76579,48,201
250200,10730,2972,61474,48,201
250900,9902,3364,137625,48,201
251100,7459,2847,80557,48,201
251300,7108,2557,86355,48,201
251700,8266,3005,56129,48,201
254200,2639,808,47202,48,201
311200,4875,1748,37500,48,201
312100,3879,0,-666666666,48,201
313200,4002,1832,57240,48,201
320900,7272,2310,44494,48,201
452500,7927,2407,32938,48,201
454100,3994,1146,62873,48,201
454200,4542,1212,69423,48,201
454900,12169,3653,105621,48,201
510400,3891,2044,91771,48,201
511600,3576,1474,54167,48,201
520200,3360,1402,85156,48,201
521500,6036,1872,64647,48,201
521600,3498,1002,48966,48,201
530300,2358,987,24632,48,201
530400,2954,976,27181,48,201
530600,3597,1182,31944,48,201
531300,6275,2416,36000,48,201
540200,2624,928,57959,48,201
531200,3573,1459,70208,48,201
534100,8510,2152,75089,48,201
540700,7201,2253,87049,48,201
540800,7219,2369,57429,48,201
541100,7060,2313,99334,48,201
541300,12908,3788,63775,48,201
320800,5175,1427,43598,48,201
321200,3747,1122,30167,48,201
321600,6862,1826,63011,48,201
322900,3972,1131,56488,48,201
323100,3797,1141,31710,48,201
332800,4821,1462,28602,48,201
322800,6625,1655,54006,48,201
330900,11862,3967,53250,48,201
332500,3108,1042,37500,48,201
341100,4279,1711,57527,48,201
341400,5020,1891,115179,48,201
341600,6451,2418,90268,48,201
